game_id;commence_time;in_play;bookmaker;last_update;home_team;away_team;market;label;description;price;point
829687289514a27bfea11f7676d00da2;15.04.2026;USANN;Pinnacle;15.04.2026;Sarpsborg FK;Bodø/Glimt;h2h;Bodø/Glimt;;1,5;
829687289514a27bfea11f7676d00da2;15.04.2026;USANN;Pinnacle;15.04.2026;Sarpsborg FK;Bodø/Glimt;h2h;Sarpsborg FK;;5,6;
829687289514a27bfea11f7676d00da2;15.04.2026;USANN;Pinnacle;15.04.2026;Sarpsborg FK;Bodø/Glimt;h2h;Draw;;5,26;
829687289514a27bfea11f7676d00da2;15.04.2026;USANN;Everygame;15.04.2026;Sarpsborg FK;Bodø/Glimt;h2h;Bodø/Glimt;;1,4;
829687289514a27bfea11f7676d00da2;15.04.2026;USANN;Everygame;15.04.2026;Sarpsborg FK;Bodø/Glimt;h2h;Sarpsborg FK;;5,25;
829687289514a27bfea11f7676d00da2;15.04.2026;USANN;Everygame;15.04.2026;Sarpsborg FK;Bodø/Glimt;h2h;Draw;;5;
829687289514a27bfea11f7676d00da2;15.04.2026;USANN;Betclic (FR);15.04.2026;Sarpsborg FK;Bodø/Glimt;h2h;Bodø/Glimt;;1,39;
829687289514a27bfea11f7676d00da2;15.04.2026;USANN;Betclic (FR);15.04.2026;Sarpsborg FK;Bodø/Glimt;h2h;Sarpsborg FK;;5,25;
829687289514a27bfea11f7676d00da2;15.04.2026;USANN;Betclic (FR);15.04.2026;Sarpsborg FK;Bodø/Glimt;h2h;Draw;;4,8;
829687289514a27bfea11f7676d00da2;15.04.2026;USANN;GTbets;15.04.2026;Sarpsborg FK;Bodø/Glimt;h2h;Bodø/Glimt;;1,43;
829687289514a27bfea11f7676d00da2;15.04.2026;USANN;GTbets;15.04.2026;Sarpsborg FK;Bodø/Glimt;h2h;Sarpsborg FK;;5,5;
829687289514a27bfea11f7676d00da2;15.04.2026;USANN;GTbets;15.04.2026;Sarpsborg FK;Bodø/Glimt;h2h;Draw;;5,02;
829687289514a27bfea11f7676d00da2;15.04.2026;USANN;Codere (IT);15.04.2026;Sarpsborg FK;Bodø/Glimt;h2h;Bodø/Glimt;;1,45;
829687289514a27bfea11f7676d00da2;15.04.2026;USANN;Codere (IT);15.04.2026;Sarpsborg FK;Bodø/Glimt;h2h;Sarpsborg FK;;5;
829687289514a27bfea11f7676d00da2;15.04.2026;USANN;Codere (IT);15.04.2026;Sarpsborg FK;Bodø/Glimt;h2h;Draw;;4,8;
829687289514a27bfea11f7676d00da2;15.04.2026;USANN;1xBet;15.04.2026;Sarpsborg FK;Bodø/Glimt;h2h;Bodø/Glimt;;1,47;
829687289514a27bfea11f7676d00da2;15.04.2026;USANN;1xBet;15.04.2026;Sarpsborg FK;Bodø/Glimt;h2h;Sarpsborg FK;;5,83;
829687289514a27bfea11f7676d00da2;15.04.2026;USANN;1xBet;15.04.2026;Sarpsborg FK;Bodø/Glimt;h2h;Draw;;5,06;
829687289514a27bfea11f7676d00da2;15.04.2026;USANN;Unibet (FR);15.04.2026;Sarpsborg FK;Bodø/Glimt;h2h;Bodø/Glimt;;1,39;
829687289514a27bfea11f7676d00da2;15.04.2026;USANN;Unibet (FR);15.04.2026;Sarpsborg FK;Bodø/Glimt;h2h;Sarpsborg FK;;5,1;
829687289514a27bfea11f7676d00da2;15.04.2026;USANN;Unibet (FR);15.04.2026;Sarpsborg FK;Bodø/Glimt;h2h;Draw;;4,7;
829687289514a27bfea11f7676d00da2;15.04.2026;USANN;Betfair;15.04.2026;Sarpsborg FK;Bodø/Glimt;h2h;Bodø/Glimt;;1,5;
829687289514a27bfea11f7676d00da2;15.04.2026;USANN;Betfair;15.04.2026;Sarpsborg FK;Bodø/Glimt;h2h;Sarpsborg FK;;6,4;
829687289514a27bfea11f7676d00da2;15.04.2026;USANN;Betfair;15.04.2026;Sarpsborg FK;Bodø/Glimt;h2h;Draw;;5,3;
829687289514a27bfea11f7676d00da2;15.04.2026;USANN;Betfair;15.04.2026;Sarpsborg FK;Bodø/Glimt;h2h_lay;Bodø/Glimt;;1,52;
829687289514a27bfea11f7676d00da2;15.04.2026;USANN;Betfair;15.04.2026;Sarpsborg FK;Bodø/Glimt;h2h_lay;Sarpsborg FK;;6,8;
829687289514a27bfea11f7676d00da2;15.04.2026;USANN;Betfair;15.04.2026;Sarpsborg FK;Bodø/Glimt;h2h_lay;Draw;;5,5;
829687289514a27bfea11f7676d00da2;15.04.2026;USANN;Winamax (FR);15.04.2026;Sarpsborg FK;Bodø/Glimt;h2h;Bodø/Glimt;;1,4;
829687289514a27bfea11f7676d00da2;15.04.2026;USANN;Winamax (FR);15.04.2026;Sarpsborg FK;Bodø/Glimt;h2h;Sarpsborg FK;;4,8;
829687289514a27bfea11f7676d00da2;15.04.2026;USANN;Winamax (FR);15.04.2026;Sarpsborg FK;Bodø/Glimt;h2h;Draw;;4,7;
829687289514a27bfea11f7676d00da2;15.04.2026;USANN;Winamax (DE);15.04.2026;Sarpsborg FK;Bodø/Glimt;h2h;Bodø/Glimt;;1,43;
829687289514a27bfea11f7676d00da2;15.04.2026;USANN;Winamax (DE);15.04.2026;Sarpsborg FK;Bodø/Glimt;h2h;Sarpsborg FK;;5;
829687289514a27bfea11f7676d00da2;15.04.2026;USANN;Winamax (DE);15.04.2026;Sarpsborg FK;Bodø/Glimt;h2h;Draw;;5;
829687289514a27bfea11f7676d00da2;15.04.2026;USANN;Marathon Bet;15.04.2026;Sarpsborg FK;Bodø/Glimt;h2h;Bodø/Glimt;;1,43;
829687289514a27bfea11f7676d00da2;15.04.2026;USANN;Marathon Bet;15.04.2026;Sarpsborg FK;Bodø/Glimt;h2h;Sarpsborg FK;;5,8;
829687289514a27bfea11f7676d00da2;15.04.2026;USANN;Marathon Bet;15.04.2026;Sarpsborg FK;Bodø/Glimt;h2h;Draw;;5;
829687289514a27bfea11f7676d00da2;15.04.2026;USANN;William Hill;15.04.2026;Sarpsborg FK;Bodø/Glimt;h2h;Bodø/Glimt;;1,44;
829687289514a27bfea11f7676d00da2;15.04.2026;USANN;William Hill;15.04.2026;Sarpsborg FK;Bodø/Glimt;h2h;Sarpsborg FK;;5;
829687289514a27bfea11f7676d00da2;15.04.2026;USANN;William Hill;15.04.2026;Sarpsborg FK;Bodø/Glimt;h2h;Draw;;4,8;
829687289514a27bfea11f7676d00da2;15.04.2026;USANN;Tipico;15.04.2026;Sarpsborg FK;Bodø/Glimt;h2h;Bodø/Glimt;;1,4;
829687289514a27bfea11f7676d00da2;15.04.2026;USANN;Tipico;15.04.2026;Sarpsborg FK;Bodø/Glimt;h2h;Sarpsborg FK;;5,7;
829687289514a27bfea11f7676d00da2;15.04.2026;USANN;Tipico;15.04.2026;Sarpsborg FK;Bodø/Glimt;h2h;Draw;;5;
829687289514a27bfea11f7676d00da2;15.04.2026;USANN;Coolbet;15.04.2026;Sarpsborg FK;Bodø/Glimt;h2h;Bodø/Glimt;;1,48;
829687289514a27bfea11f7676d00da2;15.04.2026;USANN;Coolbet;15.04.2026;Sarpsborg FK;Bodø/Glimt;h2h;Sarpsborg FK;;6,1;
829687289514a27bfea11f7676d00da2;15.04.2026;USANN;Coolbet;15.04.2026;Sarpsborg FK;Bodø/Glimt;h2h;Draw;;5,25;
829687289514a27bfea11f7676d00da2;15.04.2026;USANN;BetOnline.ag;15.04.2026;Sarpsborg FK;Bodø/Glimt;h2h;Bodø/Glimt;;1,46;
829687289514a27bfea11f7676d00da2;15.04.2026;USANN;BetOnline.ag;15.04.2026;Sarpsborg FK;Bodø/Glimt;h2h;Sarpsborg FK;;5,6;
829687289514a27bfea11f7676d00da2;15.04.2026;USANN;BetOnline.ag;15.04.2026;Sarpsborg FK;Bodø/Glimt;h2h;Draw;;5,1;
829687289514a27bfea11f7676d00da2;15.04.2026;USANN;Betsson;15.04.2026;Sarpsborg FK;Bodø/Glimt;h2h;Bodø/Glimt;;1,44;
829687289514a27bfea11f7676d00da2;15.04.2026;USANN;Betsson;15.04.2026;Sarpsborg FK;Bodø/Glimt;h2h;Sarpsborg FK;;6,3;
829687289514a27bfea11f7676d00da2;15.04.2026;USANN;Betsson;15.04.2026;Sarpsborg FK;Bodø/Glimt;h2h;Draw;;4,85;
829687289514a27bfea11f7676d00da2;15.04.2026;USANN;Nordic Bet;15.04.2026;Sarpsborg FK;Bodø/Glimt;h2h;Bodø/Glimt;;1,44;
829687289514a27bfea11f7676d00da2;15.04.2026;USANN;Nordic Bet;15.04.2026;Sarpsborg FK;Bodø/Glimt;h2h;Sarpsborg FK;;6,3;
829687289514a27bfea11f7676d00da2;15.04.2026;USANN;Nordic Bet;15.04.2026;Sarpsborg FK;Bodø/Glimt;h2h;Draw;;4,85;
829687289514a27bfea11f7676d00da2;15.04.2026;USANN;BetAnything;15.04.2026;Sarpsborg FK;Bodø/Glimt;h2h;Bodø/Glimt;;1,44;
829687289514a27bfea11f7676d00da2;15.04.2026;USANN;BetAnything;15.04.2026;Sarpsborg FK;Bodø/Glimt;h2h;Sarpsborg FK;;5,7;
829687289514a27bfea11f7676d00da2;15.04.2026;USANN;BetAnything;15.04.2026;Sarpsborg FK;Bodø/Glimt;h2h;Draw;;5,2;
829687289514a27bfea11f7676d00da2;15.04.2026;USANN;Matchbook;15.04.2026;Sarpsborg FK;Bodø/Glimt;h2h;Bodø/Glimt;;1,5;
829687289514a27bfea11f7676d00da2;15.04.2026;USANN;Matchbook;15.04.2026;Sarpsborg FK;Bodø/Glimt;h2h;Sarpsborg FK;;6,4;
829687289514a27bfea11f7676d00da2;15.04.2026;USANN;Matchbook;15.04.2026;Sarpsborg FK;Bodø/Glimt;h2h;Draw;;5,4;
829687289514a27bfea11f7676d00da2;15.04.2026;USANN;Matchbook;15.04.2026;Sarpsborg FK;Bodø/Glimt;h2h_lay;Bodø/Glimt;;1,51;
829687289514a27bfea11f7676d00da2;15.04.2026;USANN;Matchbook;15.04.2026;Sarpsborg FK;Bodø/Glimt;h2h_lay;Sarpsborg FK;;6,8;
829687289514a27bfea11f7676d00da2;15.04.2026;USANN;Matchbook;15.04.2026;Sarpsborg FK;Bodø/Glimt;h2h_lay;Draw;;5,5;
829687289514a27bfea11f7676d00da2;15.04.2026;USANN;Unibet (NL);15.04.2026;Sarpsborg FK;Bodø/Glimt;h2h;Bodø/Glimt;;1,42;
829687289514a27bfea11f7676d00da2;15.04.2026;USANN;Unibet (NL);15.04.2026;Sarpsborg FK;Bodø/Glimt;h2h;Sarpsborg FK;;5,75;
829687289514a27bfea11f7676d00da2;15.04.2026;USANN;Unibet (NL);15.04.2026;Sarpsborg FK;Bodø/Glimt;h2h;Draw;;4,8;
829687289514a27bfea11f7676d00da2;15.04.2026;USANN;LeoVegas (SE);15.04.2026;Sarpsborg FK;Bodø/Glimt;h2h;Bodø/Glimt;;1,42;
829687289514a27bfea11f7676d00da2;15.04.2026;USANN;LeoVegas (SE);15.04.2026;Sarpsborg FK;Bodø/Glimt;h2h;Sarpsborg FK;;5,75;
829687289514a27bfea11f7676d00da2;15.04.2026;USANN;LeoVegas (SE);15.04.2026;Sarpsborg FK;Bodø/Glimt;h2h;Draw;;4,8;
829687289514a27bfea11f7676d00da2;15.04.2026;USANN;Unibet (SE);15.04.2026;Sarpsborg FK;Bodø/Glimt;h2h;Bodø/Glimt;;1,42;
829687289514a27bfea11f7676d00da2;15.04.2026;USANN;Unibet (SE);15.04.2026;Sarpsborg FK;Bodø/Glimt;h2h;Sarpsborg FK;;5,75;
829687289514a27bfea11f7676d00da2;15.04.2026;USANN;Unibet (SE);15.04.2026;Sarpsborg FK;Bodø/Glimt;h2h;Draw;;4,8;
829687289514a27bfea11f7676d00da2;15.04.2026;USANN;PMU (FR);15.04.2026;Sarpsborg FK;Bodø/Glimt;h2h;Bodø/Glimt;;1,36;
829687289514a27bfea11f7676d00da2;15.04.2026;USANN;PMU (FR);15.04.2026;Sarpsborg FK;Bodø/Glimt;h2h;Sarpsborg FK;;5,4;
829687289514a27bfea11f7676d00da2;15.04.2026;USANN;PMU (FR);15.04.2026;Sarpsborg FK;Bodø/Glimt;h2h;Draw;;4,6;
16ea5f351f78defef158e643951635cf;15.04.2026;USANN;Unibet (SE);15.04.2026;Tromso;Lillestrom;h2h;Lillestrom;;4,2;
16ea5f351f78defef158e643951635cf;15.04.2026;USANN;Unibet (SE);15.04.2026;Tromso;Lillestrom;h2h;Tromso;;1,71;
16ea5f351f78defef158e643951635cf;15.04.2026;USANN;Unibet (SE);15.04.2026;Tromso;Lillestrom;h2h;Draw;;3,75;
16ea5f351f78defef158e643951635cf;15.04.2026;USANN;LeoVegas (SE);15.04.2026;Tromso;Lillestrom;h2h;Lillestrom;;4,2;
16ea5f351f78defef158e643951635cf;15.04.2026;USANN;LeoVegas (SE);15.04.2026;Tromso;Lillestrom;h2h;Tromso;;1,71;
16ea5f351f78defef158e643951635cf;15.04.2026;USANN;LeoVegas (SE);15.04.2026;Tromso;Lillestrom;h2h;Draw;;3,75;
16ea5f351f78defef158e643951635cf;15.04.2026;USANN;PMU (FR);15.04.2026;Tromso;Lillestrom;h2h;Lillestrom;;4;
16ea5f351f78defef158e643951635cf;15.04.2026;USANN;PMU (FR);15.04.2026;Tromso;Lillestrom;h2h;Tromso;;1,64;
16ea5f351f78defef158e643951635cf;15.04.2026;USANN;PMU (FR);15.04.2026;Tromso;Lillestrom;h2h;Draw;;3,6;
16ea5f351f78defef158e643951635cf;15.04.2026;USANN;Unibet (NL);15.04.2026;Tromso;Lillestrom;h2h;Lillestrom;;4,2;
16ea5f351f78defef158e643951635cf;15.04.2026;USANN;Unibet (NL);15.04.2026;Tromso;Lillestrom;h2h;Tromso;;1,71;
16ea5f351f78defef158e643951635cf;15.04.2026;USANN;Unibet (NL);15.04.2026;Tromso;Lillestrom;h2h;Draw;;3,75;
16ea5f351f78defef158e643951635cf;15.04.2026;USANN;Betclic (FR);15.04.2026;Tromso;Lillestrom;h2h;Lillestrom;;3,93;
16ea5f351f78defef158e643951635cf;15.04.2026;USANN;Betclic (FR);15.04.2026;Tromso;Lillestrom;h2h;Tromso;;1,7;
16ea5f351f78defef158e643951635cf;15.04.2026;USANN;Betclic (FR);15.04.2026;Tromso;Lillestrom;h2h;Draw;;3,6;
16ea5f351f78defef158e643951635cf;15.04.2026;USANN;Winamax (FR);15.04.2026;Tromso;Lillestrom;h2h;Lillestrom;;3,7;
16ea5f351f78defef158e643951635cf;15.04.2026;USANN;Winamax (FR);15.04.2026;Tromso;Lillestrom;h2h;Tromso;;1,7;
16ea5f351f78defef158e643951635cf;15.04.2026;USANN;Winamax (FR);15.04.2026;Tromso;Lillestrom;h2h;Draw;;3,6;
16ea5f351f78defef158e643951635cf;15.04.2026;USANN;Winamax (DE);15.04.2026;Tromso;Lillestrom;h2h;Lillestrom;;3,85;
16ea5f351f78defef158e643951635cf;15.04.2026;USANN;Winamax (DE);15.04.2026;Tromso;Lillestrom;h2h;Tromso;;1,74;
16ea5f351f78defef158e643951635cf;15.04.2026;USANN;Winamax (DE);15.04.2026;Tromso;Lillestrom;h2h;Draw;;3,75;
16ea5f351f78defef158e643951635cf;15.04.2026;USANN;1xBet;15.04.2026;Tromso;Lillestrom;h2h;Lillestrom;;4,29;
16ea5f351f78defef158e643951635cf;15.04.2026;USANN;1xBet;15.04.2026;Tromso;Lillestrom;h2h;Tromso;;1,79;
16ea5f351f78defef158e643951635cf;15.04.2026;USANN;1xBet;15.04.2026;Tromso;Lillestrom;h2h;Draw;;3,9;
16ea5f351f78defef158e643951635cf;15.04.2026;USANN;GTbets;15.04.2026;Tromso;Lillestrom;h2h;Lillestrom;;4,22;
16ea5f351f78defef158e643951635cf;15.04.2026;USANN;GTbets;15.04.2026;Tromso;Lillestrom;h2h;Tromso;;1,81;
16ea5f351f78defef158e643951635cf;15.04.2026;USANN;GTbets;15.04.2026;Tromso;Lillestrom;h2h;Draw;;3,86;
16ea5f351f78defef158e643951635cf;15.04.2026;USANN;Codere (IT);15.04.2026;Tromso;Lillestrom;h2h;Lillestrom;;3,95;
16ea5f351f78defef158e643951635cf;15.04.2026;USANN;Codere (IT);15.04.2026;Tromso;Lillestrom;h2h;Tromso;;1,76;
16ea5f351f78defef158e643951635cf;15.04.2026;USANN;Codere (IT);15.04.2026;Tromso;Lillestrom;h2h;Draw;;3,6;
16ea5f351f78defef158e643951635cf;15.04.2026;USANN;Betsson;15.04.2026;Tromso;Lillestrom;h2h;Lillestrom;;4,35;
16ea5f351f78defef158e643951635cf;15.04.2026;USANN;Betsson;15.04.2026;Tromso;Lillestrom;h2h;Tromso;;1,8;
16ea5f351f78defef158e643951635cf;15.04.2026;USANN;Betsson;15.04.2026;Tromso;Lillestrom;h2h;Draw;;3,65;
16ea5f351f78defef158e643951635cf;15.04.2026;USANN;Nordic Bet;15.04.2026;Tromso;Lillestrom;h2h;Lillestrom;;4,35;
16ea5f351f78defef158e643951635cf;15.04.2026;USANN;Nordic Bet;15.04.2026;Tromso;Lillestrom;h2h;Tromso;;1,8;
16ea5f351f78defef158e643951635cf;15.04.2026;USANN;Nordic Bet;15.04.2026;Tromso;Lillestrom;h2h;Draw;;3,65;
16ea5f351f78defef158e643951635cf;15.04.2026;USANN;Unibet (FR);15.04.2026;Tromso;Lillestrom;h2h;Lillestrom;;3,9;
16ea5f351f78defef158e643951635cf;15.04.2026;USANN;Unibet (FR);15.04.2026;Tromso;Lillestrom;h2h;Tromso;;1,69;
16ea5f351f78defef158e643951635cf;15.04.2026;USANN;Unibet (FR);15.04.2026;Tromso;Lillestrom;h2h;Draw;;3,55;
16ea5f351f78defef158e643951635cf;15.04.2026;USANN;Coolbet;15.04.2026;Tromso;Lillestrom;h2h;Lillestrom;;4,45;
16ea5f351f78defef158e643951635cf;15.04.2026;USANN;Coolbet;15.04.2026;Tromso;Lillestrom;h2h;Tromso;;1,82;
16ea5f351f78defef158e643951635cf;15.04.2026;USANN;Coolbet;15.04.2026;Tromso;Lillestrom;h2h;Draw;;3,9;
16ea5f351f78defef158e643951635cf;15.04.2026;USANN;Betfair;15.04.2026;Tromso;Lillestrom;h2h;Lillestrom;;4,6;
16ea5f351f78defef158e643951635cf;15.04.2026;USANN;Betfair;15.04.2026;Tromso;Lillestrom;h2h;Tromso;;1,86;
16ea5f351f78defef158e643951635cf;15.04.2026;USANN;Betfair;15.04.2026;Tromso;Lillestrom;h2h;Draw;;4;
16ea5f351f78defef158e643951635cf;15.04.2026;USANN;Betfair;15.04.2026;Tromso;Lillestrom;h2h_lay;Lillestrom;;4,7;
16ea5f351f78defef158e643951635cf;15.04.2026;USANN;Betfair;15.04.2026;Tromso;Lillestrom;h2h_lay;Tromso;;1,88;
16ea5f351f78defef158e643951635cf;15.04.2026;USANN;Betfair;15.04.2026;Tromso;Lillestrom;h2h_lay;Draw;;4,1;
16ea5f351f78defef158e643951635cf;15.04.2026;USANN;Marathon Bet;15.04.2026;Tromso;Lillestrom;h2h;Lillestrom;;4,2;
16ea5f351f78defef158e643951635cf;15.04.2026;USANN;Marathon Bet;15.04.2026;Tromso;Lillestrom;h2h;Tromso;;1,75;
16ea5f351f78defef158e643951635cf;15.04.2026;USANN;Marathon Bet;15.04.2026;Tromso;Lillestrom;h2h;Draw;;3,82;
16ea5f351f78defef158e643951635cf;15.04.2026;USANN;William Hill;15.04.2026;Tromso;Lillestrom;h2h;Lillestrom;;4;
16ea5f351f78defef158e643951635cf;15.04.2026;USANN;William Hill;15.04.2026;Tromso;Lillestrom;h2h;Tromso;;1,75;
16ea5f351f78defef158e643951635cf;15.04.2026;USANN;William Hill;15.04.2026;Tromso;Lillestrom;h2h;Draw;;3,6;
16ea5f351f78defef158e643951635cf;15.04.2026;USANN;BetOnline.ag;15.04.2026;Tromso;Lillestrom;h2h;Lillestrom;;4,3;
16ea5f351f78defef158e643951635cf;15.04.2026;USANN;BetOnline.ag;15.04.2026;Tromso;Lillestrom;h2h;Tromso;;1,76;
16ea5f351f78defef158e643951635cf;15.04.2026;USANN;BetOnline.ag;15.04.2026;Tromso;Lillestrom;h2h;Draw;;3,85;
16ea5f351f78defef158e643951635cf;15.04.2026;USANN;Everygame;15.04.2026;Tromso;Lillestrom;h2h;Lillestrom;;4,1;
16ea5f351f78defef158e643951635cf;15.04.2026;USANN;Everygame;15.04.2026;Tromso;Lillestrom;h2h;Tromso;;1,7;
16ea5f351f78defef158e643951635cf;15.04.2026;USANN;Everygame;15.04.2026;Tromso;Lillestrom;h2h;Draw;;3,65;
16ea5f351f78defef158e643951635cf;15.04.2026;USANN;Pinnacle;15.04.2026;Tromso;Lillestrom;h2h;Lillestrom;;4,23;
16ea5f351f78defef158e643951635cf;15.04.2026;USANN;Pinnacle;15.04.2026;Tromso;Lillestrom;h2h;Tromso;;1,85;
16ea5f351f78defef158e643951635cf;15.04.2026;USANN;Pinnacle;15.04.2026;Tromso;Lillestrom;h2h;Draw;;3,9;
16ea5f351f78defef158e643951635cf;15.04.2026;USANN;BetAnything;15.04.2026;Tromso;Lillestrom;h2h;Lillestrom;;4,3;
16ea5f351f78defef158e643951635cf;15.04.2026;USANN;BetAnything;15.04.2026;Tromso;Lillestrom;h2h;Tromso;;1,76;
16ea5f351f78defef158e643951635cf;15.04.2026;USANN;BetAnything;15.04.2026;Tromso;Lillestrom;h2h;Draw;;3,85;
16ea5f351f78defef158e643951635cf;15.04.2026;USANN;Matchbook;15.04.2026;Tromso;Lillestrom;h2h;Lillestrom;;4,6;
16ea5f351f78defef158e643951635cf;15.04.2026;USANN;Matchbook;15.04.2026;Tromso;Lillestrom;h2h;Tromso;;1,86;
16ea5f351f78defef158e643951635cf;15.04.2026;USANN;Matchbook;15.04.2026;Tromso;Lillestrom;h2h;Draw;;4;
16ea5f351f78defef158e643951635cf;15.04.2026;USANN;Matchbook;15.04.2026;Tromso;Lillestrom;h2h_lay;Lillestrom;;4,7;
16ea5f351f78defef158e643951635cf;15.04.2026;USANN;Matchbook;15.04.2026;Tromso;Lillestrom;h2h_lay;Tromso;;1,88;
16ea5f351f78defef158e643951635cf;15.04.2026;USANN;Matchbook;15.04.2026;Tromso;Lillestrom;h2h_lay;Draw;;4,1;
3987e8caa38bdd26ac811c35c87fb1d1;18.04.2026;USANN;Unibet (SE);15.04.2026;Bodø/Glimt;Aalesund;h2h;Aalesund;;13;
3987e8caa38bdd26ac811c35c87fb1d1;18.04.2026;USANN;Unibet (SE);15.04.2026;Bodø/Glimt;Aalesund;h2h;Bodø/Glimt;;1,14;
3987e8caa38bdd26ac811c35c87fb1d1;18.04.2026;USANN;Unibet (SE);15.04.2026;Bodø/Glimt;Aalesund;h2h;Draw;;7,5;
3987e8caa38bdd26ac811c35c87fb1d1;18.04.2026;USANN;PMU (FR);15.04.2026;Bodø/Glimt;Aalesund;h2h;Aalesund;;12;
3987e8caa38bdd26ac811c35c87fb1d1;18.04.2026;USANN;PMU (FR);15.04.2026;Bodø/Glimt;Aalesund;h2h;Bodø/Glimt;;1,1;
3987e8caa38bdd26ac811c35c87fb1d1;18.04.2026;USANN;PMU (FR);15.04.2026;Bodø/Glimt;Aalesund;h2h;Draw;;7;
3987e8caa38bdd26ac811c35c87fb1d1;18.04.2026;USANN;LeoVegas (SE);15.04.2026;Bodø/Glimt;Aalesund;h2h;Aalesund;;13;
3987e8caa38bdd26ac811c35c87fb1d1;18.04.2026;USANN;LeoVegas (SE);15.04.2026;Bodø/Glimt;Aalesund;h2h;Bodø/Glimt;;1,14;
3987e8caa38bdd26ac811c35c87fb1d1;18.04.2026;USANN;LeoVegas (SE);15.04.2026;Bodø/Glimt;Aalesund;h2h;Draw;;7,5;
3987e8caa38bdd26ac811c35c87fb1d1;18.04.2026;USANN;Unibet (NL);15.04.2026;Bodø/Glimt;Aalesund;h2h;Aalesund;;13;
3987e8caa38bdd26ac811c35c87fb1d1;18.04.2026;USANN;Unibet (NL);15.04.2026;Bodø/Glimt;Aalesund;h2h;Bodø/Glimt;;1,14;
3987e8caa38bdd26ac811c35c87fb1d1;18.04.2026;USANN;Unibet (NL);15.04.2026;Bodø/Glimt;Aalesund;h2h;Draw;;7,5;
3987e8caa38bdd26ac811c35c87fb1d1;18.04.2026;USANN;Betsson;15.04.2026;Bodø/Glimt;Aalesund;h2h;Aalesund;;16;
3987e8caa38bdd26ac811c35c87fb1d1;18.04.2026;USANN;Betsson;15.04.2026;Bodø/Glimt;Aalesund;h2h;Bodø/Glimt;;1,18;
3987e8caa38bdd26ac811c35c87fb1d1;18.04.2026;USANN;Betsson;15.04.2026;Bodø/Glimt;Aalesund;h2h;Draw;;6,8;
3987e8caa38bdd26ac811c35c87fb1d1;18.04.2026;USANN;Nordic Bet;15.04.2026;Bodø/Glimt;Aalesund;h2h;Aalesund;;16;
3987e8caa38bdd26ac811c35c87fb1d1;18.04.2026;USANN;Nordic Bet;15.04.2026;Bodø/Glimt;Aalesund;h2h;Bodø/Glimt;;1,18;
3987e8caa38bdd26ac811c35c87fb1d1;18.04.2026;USANN;Nordic Bet;15.04.2026;Bodø/Glimt;Aalesund;h2h;Draw;;6,8;
3987e8caa38bdd26ac811c35c87fb1d1;18.04.2026;USANN;Betclic (FR);15.04.2026;Bodø/Glimt;Aalesund;h2h;Aalesund;;10,25;
3987e8caa38bdd26ac811c35c87fb1d1;18.04.2026;USANN;Betclic (FR);15.04.2026;Bodø/Glimt;Aalesund;h2h;Bodø/Glimt;;1,11;
3987e8caa38bdd26ac811c35c87fb1d1;18.04.2026;USANN;Betclic (FR);15.04.2026;Bodø/Glimt;Aalesund;h2h;Draw;;6,25;
3987e8caa38bdd26ac811c35c87fb1d1;18.04.2026;USANN;Codere (IT);15.04.2026;Bodø/Glimt;Aalesund;h2h;Aalesund;;12;
3987e8caa38bdd26ac811c35c87fb1d1;18.04.2026;USANN;Codere (IT);15.04.2026;Bodø/Glimt;Aalesund;h2h;Bodø/Glimt;;1,14;
3987e8caa38bdd26ac811c35c87fb1d1;18.04.2026;USANN;Codere (IT);15.04.2026;Bodø/Glimt;Aalesund;h2h;Draw;;7,2;
3987e8caa38bdd26ac811c35c87fb1d1;18.04.2026;USANN;Winamax (FR);15.04.2026;Bodø/Glimt;Aalesund;h2h;Aalesund;;9;
3987e8caa38bdd26ac811c35c87fb1d1;18.04.2026;USANN;Winamax (FR);15.04.2026;Bodø/Glimt;Aalesund;h2h;Bodø/Glimt;;1,1;
3987e8caa38bdd26ac811c35c87fb1d1;18.04.2026;USANN;Winamax (FR);15.04.2026;Bodø/Glimt;Aalesund;h2h;Draw;;6,25;
3987e8caa38bdd26ac811c35c87fb1d1;18.04.2026;USANN;Winamax (DE);15.04.2026;Bodø/Glimt;Aalesund;h2h;Aalesund;;10;
3987e8caa38bdd26ac811c35c87fb1d1;18.04.2026;USANN;Winamax (DE);15.04.2026;Bodø/Glimt;Aalesund;h2h;Bodø/Glimt;;1,12;
3987e8caa38bdd26ac811c35c87fb1d1;18.04.2026;USANN;Winamax (DE);15.04.2026;Bodø/Glimt;Aalesund;h2h;Draw;;7,25;
3987e8caa38bdd26ac811c35c87fb1d1;18.04.2026;USANN;1xBet;15.04.2026;Bodø/Glimt;Aalesund;h2h;Aalesund;;16;
3987e8caa38bdd26ac811c35c87fb1d1;18.04.2026;USANN;1xBet;15.04.2026;Bodø/Glimt;Aalesund;h2h;Bodø/Glimt;;1,17;
3987e8caa38bdd26ac811c35c87fb1d1;18.04.2026;USANN;1xBet;15.04.2026;Bodø/Glimt;Aalesund;h2h;Draw;;7,6;
3987e8caa38bdd26ac811c35c87fb1d1;18.04.2026;USANN;GTbets;15.04.2026;Bodø/Glimt;Aalesund;h2h;Aalesund;;13,35;
3987e8caa38bdd26ac811c35c87fb1d1;18.04.2026;USANN;GTbets;15.04.2026;Bodø/Glimt;Aalesund;h2h;Bodø/Glimt;;1,17;
3987e8caa38bdd26ac811c35c87fb1d1;18.04.2026;USANN;GTbets;15.04.2026;Bodø/Glimt;Aalesund;h2h;Draw;;7,42;
3987e8caa38bdd26ac811c35c87fb1d1;18.04.2026;USANN;Unibet (FR);15.04.2026;Bodø/Glimt;Aalesund;h2h;Aalesund;;10;
3987e8caa38bdd26ac811c35c87fb1d1;18.04.2026;USANN;Unibet (FR);15.04.2026;Bodø/Glimt;Aalesund;h2h;Bodø/Glimt;;1,1;
3987e8caa38bdd26ac811c35c87fb1d1;18.04.2026;USANN;Unibet (FR);15.04.2026;Bodø/Glimt;Aalesund;h2h;Draw;;6,4;
3987e8caa38bdd26ac811c35c87fb1d1;18.04.2026;USANN;Marathon Bet;15.04.2026;Bodø/Glimt;Aalesund;h2h;Aalesund;;15,25;
3987e8caa38bdd26ac811c35c87fb1d1;18.04.2026;USANN;Marathon Bet;15.04.2026;Bodø/Glimt;Aalesund;h2h;Bodø/Glimt;;1,16;
3987e8caa38bdd26ac811c35c87fb1d1;18.04.2026;USANN;Marathon Bet;15.04.2026;Bodø/Glimt;Aalesund;h2h;Draw;;7,1;
3987e8caa38bdd26ac811c35c87fb1d1;18.04.2026;USANN;William Hill;15.04.2026;Bodø/Glimt;Aalesund;h2h;Aalesund;;15;
3987e8caa38bdd26ac811c35c87fb1d1;18.04.2026;USANN;William Hill;15.04.2026;Bodø/Glimt;Aalesund;h2h;Bodø/Glimt;;1,17;
3987e8caa38bdd26ac811c35c87fb1d1;18.04.2026;USANN;William Hill;15.04.2026;Bodø/Glimt;Aalesund;h2h;Draw;;6,5;
3987e8caa38bdd26ac811c35c87fb1d1;18.04.2026;USANN;Betfair;15.04.2026;Bodø/Glimt;Aalesund;h2h;Aalesund;;1,11;
3987e8caa38bdd26ac811c35c87fb1d1;18.04.2026;USANN;Betfair;15.04.2026;Bodø/Glimt;Aalesund;h2h;Bodø/Glimt;;1,19;
3987e8caa38bdd26ac811c35c87fb1d1;18.04.2026;USANN;Betfair;15.04.2026;Bodø/Glimt;Aalesund;h2h;Draw;;1,09;
3987e8caa38bdd26ac811c35c87fb1d1;18.04.2026;USANN;Betfair;15.04.2026;Bodø/Glimt;Aalesund;h2h_lay;Aalesund;;20;
3987e8caa38bdd26ac811c35c87fb1d1;18.04.2026;USANN;Betfair;15.04.2026;Bodø/Glimt;Aalesund;h2h_lay;Bodø/Glimt;;1,25;
3987e8caa38bdd26ac811c35c87fb1d1;18.04.2026;USANN;Betfair;15.04.2026;Bodø/Glimt;Aalesund;h2h_lay;Draw;;9,8;
0a69d883f4d8c43a8e58761c3411a971;18.04.2026;USANN;Unibet (NL);15.04.2026;Sandefjord;Rosenborg;h2h;Rosenborg;;3,3;
0a69d883f4d8c43a8e58761c3411a971;18.04.2026;USANN;Unibet (NL);15.04.2026;Sandefjord;Rosenborg;h2h;Sandefjord;;1,96;
0a69d883f4d8c43a8e58761c3411a971;18.04.2026;USANN;Unibet (NL);15.04.2026;Sandefjord;Rosenborg;h2h;Draw;;3,65;
0a69d883f4d8c43a8e58761c3411a971;18.04.2026;USANN;PMU (FR);15.04.2026;Sandefjord;Rosenborg;h2h;Rosenborg;;3,15;
0a69d883f4d8c43a8e58761c3411a971;18.04.2026;USANN;PMU (FR);15.04.2026;Sandefjord;Rosenborg;h2h;Sandefjord;;1,88;
0a69d883f4d8c43a8e58761c3411a971;18.04.2026;USANN;PMU (FR);15.04.2026;Sandefjord;Rosenborg;h2h;Draw;;3,5;
0a69d883f4d8c43a8e58761c3411a971;18.04.2026;USANN;Unibet (SE);15.04.2026;Sandefjord;Rosenborg;h2h;Rosenborg;;3,3;
0a69d883f4d8c43a8e58761c3411a971;18.04.2026;USANN;Unibet (SE);15.04.2026;Sandefjord;Rosenborg;h2h;Sandefjord;;1,96;
0a69d883f4d8c43a8e58761c3411a971;18.04.2026;USANN;Unibet (SE);15.04.2026;Sandefjord;Rosenborg;h2h;Draw;;3,65;
0a69d883f4d8c43a8e58761c3411a971;18.04.2026;USANN;LeoVegas (SE);15.04.2026;Sandefjord;Rosenborg;h2h;Rosenborg;;3,3;
0a69d883f4d8c43a8e58761c3411a971;18.04.2026;USANN;LeoVegas (SE);15.04.2026;Sandefjord;Rosenborg;h2h;Sandefjord;;1,96;
0a69d883f4d8c43a8e58761c3411a971;18.04.2026;USANN;LeoVegas (SE);15.04.2026;Sandefjord;Rosenborg;h2h;Draw;;3,65;
0a69d883f4d8c43a8e58761c3411a971;18.04.2026;USANN;Betsson;15.04.2026;Sandefjord;Rosenborg;h2h;Rosenborg;;3,35;
0a69d883f4d8c43a8e58761c3411a971;18.04.2026;USANN;Betsson;15.04.2026;Sandefjord;Rosenborg;h2h;Sandefjord;;2,08;
0a69d883f4d8c43a8e58761c3411a971;18.04.2026;USANN;Betsson;15.04.2026;Sandefjord;Rosenborg;h2h;Draw;;3,65;
0a69d883f4d8c43a8e58761c3411a971;18.04.2026;USANN;Nordic Bet;15.04.2026;Sandefjord;Rosenborg;h2h;Rosenborg;;3,35;
0a69d883f4d8c43a8e58761c3411a971;18.04.2026;USANN;Nordic Bet;15.04.2026;Sandefjord;Rosenborg;h2h;Sandefjord;;2,08;
0a69d883f4d8c43a8e58761c3411a971;18.04.2026;USANN;Nordic Bet;15.04.2026;Sandefjord;Rosenborg;h2h;Draw;;3,65;
0a69d883f4d8c43a8e58761c3411a971;18.04.2026;USANN;Betclic (FR);15.04.2026;Sandefjord;Rosenborg;h2h;Rosenborg;;3,05;
0a69d883f4d8c43a8e58761c3411a971;18.04.2026;USANN;Betclic (FR);15.04.2026;Sandefjord;Rosenborg;h2h;Sandefjord;;1,83;
0a69d883f4d8c43a8e58761c3411a971;18.04.2026;USANN;Betclic (FR);15.04.2026;Sandefjord;Rosenborg;h2h;Draw;;3,47;
0a69d883f4d8c43a8e58761c3411a971;18.04.2026;USANN;Winamax (FR);15.04.2026;Sandefjord;Rosenborg;h2h;Rosenborg;;2,9;
0a69d883f4d8c43a8e58761c3411a971;18.04.2026;USANN;Winamax (FR);15.04.2026;Sandefjord;Rosenborg;h2h;Sandefjord;;1,82;
0a69d883f4d8c43a8e58761c3411a971;18.04.2026;USANN;Winamax (FR);15.04.2026;Sandefjord;Rosenborg;h2h;Draw;;3,45;
0a69d883f4d8c43a8e58761c3411a971;18.04.2026;USANN;Winamax (DE);15.04.2026;Sandefjord;Rosenborg;h2h;Rosenborg;;3,05;
0a69d883f4d8c43a8e58761c3411a971;18.04.2026;USANN;Winamax (DE);15.04.2026;Sandefjord;Rosenborg;h2h;Sandefjord;;1,9;
0a69d883f4d8c43a8e58761c3411a971;18.04.2026;USANN;Winamax (DE);15.04.2026;Sandefjord;Rosenborg;h2h;Draw;;3,65;
0a69d883f4d8c43a8e58761c3411a971;18.04.2026;USANN;1xBet;15.04.2026;Sandefjord;Rosenborg;h2h;Rosenborg;;3,5;
0a69d883f4d8c43a8e58761c3411a971;18.04.2026;USANN;1xBet;15.04.2026;Sandefjord;Rosenborg;h2h;Sandefjord;;2,02;
0a69d883f4d8c43a8e58761c3411a971;18.04.2026;USANN;1xBet;15.04.2026;Sandefjord;Rosenborg;h2h;Draw;;3,77;
0a69d883f4d8c43a8e58761c3411a971;18.04.2026;USANN;GTbets;15.04.2026;Sandefjord;Rosenborg;h2h;Rosenborg;;3,43;
0a69d883f4d8c43a8e58761c3411a971;18.04.2026;USANN;GTbets;15.04.2026;Sandefjord;Rosenborg;h2h;Sandefjord;;2,07;
0a69d883f4d8c43a8e58761c3411a971;18.04.2026;USANN;GTbets;15.04.2026;Sandefjord;Rosenborg;h2h;Draw;;3,72;
0a69d883f4d8c43a8e58761c3411a971;18.04.2026;USANN;Unibet (FR);15.04.2026;Sandefjord;Rosenborg;h2h;Rosenborg;;3,05;
0a69d883f4d8c43a8e58761c3411a971;18.04.2026;USANN;Unibet (FR);15.04.2026;Sandefjord;Rosenborg;h2h;Sandefjord;;1,82;
0a69d883f4d8c43a8e58761c3411a971;18.04.2026;USANN;Unibet (FR);15.04.2026;Sandefjord;Rosenborg;h2h;Draw;;3,5;
0a69d883f4d8c43a8e58761c3411a971;18.04.2026;USANN;Codere (IT);15.04.2026;Sandefjord;Rosenborg;h2h;Rosenborg;;3,2;
0a69d883f4d8c43a8e58761c3411a971;18.04.2026;USANN;Codere (IT);15.04.2026;Sandefjord;Rosenborg;h2h;Sandefjord;;1,94;
0a69d883f4d8c43a8e58761c3411a971;18.04.2026;USANN;Codere (IT);15.04.2026;Sandefjord;Rosenborg;h2h;Draw;;3,65;
0a69d883f4d8c43a8e58761c3411a971;18.04.2026;USANN;Marathon Bet;15.04.2026;Sandefjord;Rosenborg;h2h;Rosenborg;;3,42;
0a69d883f4d8c43a8e58761c3411a971;18.04.2026;USANN;Marathon Bet;15.04.2026;Sandefjord;Rosenborg;h2h;Sandefjord;;1,97;
0a69d883f4d8c43a8e58761c3411a971;18.04.2026;USANN;Marathon Bet;15.04.2026;Sandefjord;Rosenborg;h2h;Draw;;3,68;
0a69d883f4d8c43a8e58761c3411a971;18.04.2026;USANN;Pinnacle;15.04.2026;Sandefjord;Rosenborg;h2h;Rosenborg;;3,5;
0a69d883f4d8c43a8e58761c3411a971;18.04.2026;USANN;Pinnacle;15.04.2026;Sandefjord;Rosenborg;h2h;Sandefjord;;2,01;
0a69d883f4d8c43a8e58761c3411a971;18.04.2026;USANN;Pinnacle;15.04.2026;Sandefjord;Rosenborg;h2h;Draw;;3,75;
0a69d883f4d8c43a8e58761c3411a971;18.04.2026;USANN;William Hill;15.04.2026;Sandefjord;Rosenborg;h2h;Rosenborg;;3,25;
0a69d883f4d8c43a8e58761c3411a971;18.04.2026;USANN;William Hill;15.04.2026;Sandefjord;Rosenborg;h2h;Sandefjord;;1,95;
0a69d883f4d8c43a8e58761c3411a971;18.04.2026;USANN;William Hill;15.04.2026;Sandefjord;Rosenborg;h2h;Draw;;3,6;
0a69d883f4d8c43a8e58761c3411a971;18.04.2026;USANN;Coolbet;15.04.2026;Sandefjord;Rosenborg;h2h;Rosenborg;;3,6;
0a69d883f4d8c43a8e58761c3411a971;18.04.2026;USANN;Coolbet;15.04.2026;Sandefjord;Rosenborg;h2h;Sandefjord;;2;
0a69d883f4d8c43a8e58761c3411a971;18.04.2026;USANN;Coolbet;15.04.2026;Sandefjord;Rosenborg;h2h;Draw;;3,8;
0a69d883f4d8c43a8e58761c3411a971;18.04.2026;USANN;Everygame;15.04.2026;Sandefjord;Rosenborg;h2h;Rosenborg;;3,2;
0a69d883f4d8c43a8e58761c3411a971;18.04.2026;USANN;Everygame;15.04.2026;Sandefjord;Rosenborg;h2h;Sandefjord;;1,9;
0a69d883f4d8c43a8e58761c3411a971;18.04.2026;USANN;Everygame;15.04.2026;Sandefjord;Rosenborg;h2h;Draw;;3,45;
0a69d883f4d8c43a8e58761c3411a971;18.04.2026;USANN;Tipico;15.04.2026;Sandefjord;Rosenborg;h2h;Rosenborg;;3,3;
0a69d883f4d8c43a8e58761c3411a971;18.04.2026;USANN;Tipico;15.04.2026;Sandefjord;Rosenborg;h2h;Sandefjord;;1,95;
0a69d883f4d8c43a8e58761c3411a971;18.04.2026;USANN;Tipico;15.04.2026;Sandefjord;Rosenborg;h2h;Draw;;3,7;
0a69d883f4d8c43a8e58761c3411a971;18.04.2026;USANN;Betfair;15.04.2026;Sandefjord;Rosenborg;h2h;Rosenborg;;3,45;
0a69d883f4d8c43a8e58761c3411a971;18.04.2026;USANN;Betfair;15.04.2026;Sandefjord;Rosenborg;h2h;Sandefjord;;2,02;
0a69d883f4d8c43a8e58761c3411a971;18.04.2026;USANN;Betfair;15.04.2026;Sandefjord;Rosenborg;h2h;Draw;;3,9;
0a69d883f4d8c43a8e58761c3411a971;18.04.2026;USANN;Betfair;15.04.2026;Sandefjord;Rosenborg;h2h_lay;Rosenborg;;4,1;
0a69d883f4d8c43a8e58761c3411a971;18.04.2026;USANN;Betfair;15.04.2026;Sandefjord;Rosenborg;h2h_lay;Sandefjord;;2,18;
0a69d883f4d8c43a8e58761c3411a971;18.04.2026;USANN;Betfair;15.04.2026;Sandefjord;Rosenborg;h2h_lay;Draw;;4,4;
0a69d883f4d8c43a8e58761c3411a971;18.04.2026;USANN;BetOnline.ag;15.04.2026;Sandefjord;Rosenborg;h2h;Rosenborg;;3,4;
0a69d883f4d8c43a8e58761c3411a971;18.04.2026;USANN;BetOnline.ag;15.04.2026;Sandefjord;Rosenborg;h2h;Sandefjord;;2;
0a69d883f4d8c43a8e58761c3411a971;18.04.2026;USANN;BetOnline.ag;15.04.2026;Sandefjord;Rosenborg;h2h;Draw;;3,6;
3780aa7d8bba322bd32fb6b0fb0c6fc8;18.04.2026;USANN;Unibet (NL);15.04.2026;Viking FK;SK Brann;h2h;SK Brann;;3,75;
3780aa7d8bba322bd32fb6b0fb0c6fc8;18.04.2026;USANN;Unibet (NL);15.04.2026;Viking FK;SK Brann;h2h;Viking FK;;1,79;
3780aa7d8bba322bd32fb6b0fb0c6fc8;18.04.2026;USANN;Unibet (NL);15.04.2026;Viking FK;SK Brann;h2h;Draw;;3,85;
3780aa7d8bba322bd32fb6b0fb0c6fc8;18.04.2026;USANN;LeoVegas (SE);15.04.2026;Viking FK;SK Brann;h2h;SK Brann;;3,75;
3780aa7d8bba322bd32fb6b0fb0c6fc8;18.04.2026;USANN;LeoVegas (SE);15.04.2026;Viking FK;SK Brann;h2h;Viking FK;;1,79;
3780aa7d8bba322bd32fb6b0fb0c6fc8;18.04.2026;USANN;LeoVegas (SE);15.04.2026;Viking FK;SK Brann;h2h;Draw;;3,85;
3780aa7d8bba322bd32fb6b0fb0c6fc8;18.04.2026;USANN;Unibet (SE);15.04.2026;Viking FK;SK Brann;h2h;SK Brann;;3,75;
3780aa7d8bba322bd32fb6b0fb0c6fc8;18.04.2026;USANN;Unibet (SE);15.04.2026;Viking FK;SK Brann;h2h;Viking FK;;1,79;
3780aa7d8bba322bd32fb6b0fb0c6fc8;18.04.2026;USANN;Unibet (SE);15.04.2026;Viking FK;SK Brann;h2h;Draw;;3,85;
3780aa7d8bba322bd32fb6b0fb0c6fc8;18.04.2026;USANN;PMU (FR);15.04.2026;Viking FK;SK Brann;h2h;SK Brann;;3,55;
3780aa7d8bba322bd32fb6b0fb0c6fc8;18.04.2026;USANN;PMU (FR);15.04.2026;Viking FK;SK Brann;h2h;Viking FK;;1,7;
3780aa7d8bba322bd32fb6b0fb0c6fc8;18.04.2026;USANN;PMU (FR);15.04.2026;Viking FK;SK Brann;h2h;Draw;;3,7;
3780aa7d8bba322bd32fb6b0fb0c6fc8;18.04.2026;USANN;Betclic (FR);15.04.2026;Viking FK;SK Brann;h2h;SK Brann;;3,25;
3780aa7d8bba322bd32fb6b0fb0c6fc8;18.04.2026;USANN;Betclic (FR);15.04.2026;Viking FK;SK Brann;h2h;Viking FK;;1,7;
3780aa7d8bba322bd32fb6b0fb0c6fc8;18.04.2026;USANN;Betclic (FR);15.04.2026;Viking FK;SK Brann;h2h;Draw;;3,8;
3780aa7d8bba322bd32fb6b0fb0c6fc8;18.04.2026;USANN;Winamax (FR);15.04.2026;Viking FK;SK Brann;h2h;SK Brann;;3,1;
3780aa7d8bba322bd32fb6b0fb0c6fc8;18.04.2026;USANN;Winamax (FR);15.04.2026;Viking FK;SK Brann;h2h;Viking FK;;1,7;
3780aa7d8bba322bd32fb6b0fb0c6fc8;18.04.2026;USANN;Winamax (FR);15.04.2026;Viking FK;SK Brann;h2h;Draw;;3,8;
3780aa7d8bba322bd32fb6b0fb0c6fc8;18.04.2026;USANN;Winamax (DE);15.04.2026;Viking FK;SK Brann;h2h;SK Brann;;3,25;
3780aa7d8bba322bd32fb6b0fb0c6fc8;18.04.2026;USANN;Winamax (DE);15.04.2026;Viking FK;SK Brann;h2h;Viking FK;;1,74;
3780aa7d8bba322bd32fb6b0fb0c6fc8;18.04.2026;USANN;Winamax (DE);15.04.2026;Viking FK;SK Brann;h2h;Draw;;4;
3780aa7d8bba322bd32fb6b0fb0c6fc8;18.04.2026;USANN;1xBet;15.04.2026;Viking FK;SK Brann;h2h;SK Brann;;3,68;
3780aa7d8bba322bd32fb6b0fb0c6fc8;18.04.2026;USANN;1xBet;15.04.2026;Viking FK;SK Brann;h2h;Viking FK;;1,85;
3780aa7d8bba322bd32fb6b0fb0c6fc8;18.04.2026;USANN;1xBet;15.04.2026;Viking FK;SK Brann;h2h;Draw;;4,25;
3780aa7d8bba322bd32fb6b0fb0c6fc8;18.04.2026;USANN;GTbets;15.04.2026;Viking FK;SK Brann;h2h;SK Brann;;3,52;
3780aa7d8bba322bd32fb6b0fb0c6fc8;18.04.2026;USANN;GTbets;15.04.2026;Viking FK;SK Brann;h2h;Viking FK;;1,85;
3780aa7d8bba322bd32fb6b0fb0c6fc8;18.04.2026;USANN;GTbets;15.04.2026;Viking FK;SK Brann;h2h;Draw;;4,18;
3780aa7d8bba322bd32fb6b0fb0c6fc8;18.04.2026;USANN;Unibet (FR);15.04.2026;Viking FK;SK Brann;h2h;SK Brann;;3,25;
3780aa7d8bba322bd32fb6b0fb0c6fc8;18.04.2026;USANN;Unibet (FR);15.04.2026;Viking FK;SK Brann;h2h;Viking FK;;1,69;
3780aa7d8bba322bd32fb6b0fb0c6fc8;18.04.2026;USANN;Unibet (FR);15.04.2026;Viking FK;SK Brann;h2h;Draw;;3,8;
3780aa7d8bba322bd32fb6b0fb0c6fc8;18.04.2026;USANN;Nordic Bet;15.04.2026;Viking FK;SK Brann;h2h;SK Brann;;3,65;
3780aa7d8bba322bd32fb6b0fb0c6fc8;18.04.2026;USANN;Nordic Bet;15.04.2026;Viking FK;SK Brann;h2h;Viking FK;;1,82;
3780aa7d8bba322bd32fb6b0fb0c6fc8;18.04.2026;USANN;Nordic Bet;15.04.2026;Viking FK;SK Brann;h2h;Draw;;4,25;
3780aa7d8bba322bd32fb6b0fb0c6fc8;18.04.2026;USANN;Betsson;15.04.2026;Viking FK;SK Brann;h2h;SK Brann;;3,65;
3780aa7d8bba322bd32fb6b0fb0c6fc8;18.04.2026;USANN;Betsson;15.04.2026;Viking FK;SK Brann;h2h;Viking FK;;1,82;
3780aa7d8bba322bd32fb6b0fb0c6fc8;18.04.2026;USANN;Betsson;15.04.2026;Viking FK;SK Brann;h2h;Draw;;4,25;
3780aa7d8bba322bd32fb6b0fb0c6fc8;18.04.2026;USANN;Codere (IT);15.04.2026;Viking FK;SK Brann;h2h;SK Brann;;3,4;
3780aa7d8bba322bd32fb6b0fb0c6fc8;18.04.2026;USANN;Codere (IT);15.04.2026;Viking FK;SK Brann;h2h;Viking FK;;1,79;
3780aa7d8bba322bd32fb6b0fb0c6fc8;18.04.2026;USANN;Codere (IT);15.04.2026;Viking FK;SK Brann;h2h;Draw;;4;
3780aa7d8bba322bd32fb6b0fb0c6fc8;18.04.2026;USANN;Marathon Bet;15.04.2026;Viking FK;SK Brann;h2h;SK Brann;;3,6;
3780aa7d8bba322bd32fb6b0fb0c6fc8;18.04.2026;USANN;Marathon Bet;15.04.2026;Viking FK;SK Brann;h2h;Viking FK;;1,81;
3780aa7d8bba322bd32fb6b0fb0c6fc8;18.04.2026;USANN;Marathon Bet;15.04.2026;Viking FK;SK Brann;h2h;Draw;;4,15;
3780aa7d8bba322bd32fb6b0fb0c6fc8;18.04.2026;USANN;Pinnacle;15.04.2026;Viking FK;SK Brann;h2h;SK Brann;;3,66;
3780aa7d8bba322bd32fb6b0fb0c6fc8;18.04.2026;USANN;Pinnacle;15.04.2026;Viking FK;SK Brann;h2h;Viking FK;;1,83;
3780aa7d8bba322bd32fb6b0fb0c6fc8;18.04.2026;USANN;Pinnacle;15.04.2026;Viking FK;SK Brann;h2h;Draw;;4,35;
3780aa7d8bba322bd32fb6b0fb0c6fc8;18.04.2026;USANN;William Hill;15.04.2026;Viking FK;SK Brann;h2h;SK Brann;;3,4;
3780aa7d8bba322bd32fb6b0fb0c6fc8;18.04.2026;USANN;William Hill;15.04.2026;Viking FK;SK Brann;h2h;Viking FK;;1,85;
3780aa7d8bba322bd32fb6b0fb0c6fc8;18.04.2026;USANN;William Hill;15.04.2026;Viking FK;SK Brann;h2h;Draw;;4;
3780aa7d8bba322bd32fb6b0fb0c6fc8;18.04.2026;USANN;Coolbet;15.04.2026;Viking FK;SK Brann;h2h;SK Brann;;4,1;
3780aa7d8bba322bd32fb6b0fb0c6fc8;18.04.2026;USANN;Coolbet;15.04.2026;Viking FK;SK Brann;h2h;Viking FK;;1,8;
3780aa7d8bba322bd32fb6b0fb0c6fc8;18.04.2026;USANN;Coolbet;15.04.2026;Viking FK;SK Brann;h2h;Draw;;4,15;
3780aa7d8bba322bd32fb6b0fb0c6fc8;18.04.2026;USANN;Everygame;15.04.2026;Viking FK;SK Brann;h2h;SK Brann;;3,3;
3780aa7d8bba322bd32fb6b0fb0c6fc8;18.04.2026;USANN;Everygame;15.04.2026;Viking FK;SK Brann;h2h;Viking FK;;1,73;
3780aa7d8bba322bd32fb6b0fb0c6fc8;18.04.2026;USANN;Everygame;15.04.2026;Viking FK;SK Brann;h2h;Draw;;3,9;
3780aa7d8bba322bd32fb6b0fb0c6fc8;18.04.2026;USANN;Tipico;15.04.2026;Viking FK;SK Brann;h2h;SK Brann;;3,6;
3780aa7d8bba322bd32fb6b0fb0c6fc8;18.04.2026;USANN;Tipico;15.04.2026;Viking FK;SK Brann;h2h;Viking FK;;1,75;
3780aa7d8bba322bd32fb6b0fb0c6fc8;18.04.2026;USANN;Tipico;15.04.2026;Viking FK;SK Brann;h2h;Draw;;4,2;
3780aa7d8bba322bd32fb6b0fb0c6fc8;18.04.2026;USANN;Betfair;15.04.2026;Viking FK;SK Brann;h2h;SK Brann;;3,35;
3780aa7d8bba322bd32fb6b0fb0c6fc8;18.04.2026;USANN;Betfair;15.04.2026;Viking FK;SK Brann;h2h;Viking FK;;1,8;
3780aa7d8bba322bd32fb6b0fb0c6fc8;18.04.2026;USANN;Betfair;15.04.2026;Viking FK;SK Brann;h2h;Draw;;3,9;
3780aa7d8bba322bd32fb6b0fb0c6fc8;18.04.2026;USANN;Betfair;15.04.2026;Viking FK;SK Brann;h2h_lay;SK Brann;;4,9;
3780aa7d8bba322bd32fb6b0fb0c6fc8;18.04.2026;USANN;Betfair;15.04.2026;Viking FK;SK Brann;h2h_lay;Viking FK;;2;
3780aa7d8bba322bd32fb6b0fb0c6fc8;18.04.2026;USANN;Betfair;15.04.2026;Viking FK;SK Brann;h2h_lay;Draw;;85;
ce68c844956fe1bc56ef86bfcc49fcda;19.04.2026;USANN;LeoVegas (SE);15.04.2026;Vålerenga;Lillestrom;h2h;Lillestrom;;2,8;
ce68c844956fe1bc56ef86bfcc49fcda;19.04.2026;USANN;LeoVegas (SE);15.04.2026;Vålerenga;Lillestrom;h2h;Vålerenga;;2,18;
ce68c844956fe1bc56ef86bfcc49fcda;19.04.2026;USANN;LeoVegas (SE);15.04.2026;Vålerenga;Lillestrom;h2h;Draw;;3,7;
ce68c844956fe1bc56ef86bfcc49fcda;19.04.2026;USANN;Unibet (SE);15.04.2026;Vålerenga;Lillestrom;h2h;Lillestrom;;2,8;
ce68c844956fe1bc56ef86bfcc49fcda;19.04.2026;USANN;Unibet (SE);15.04.2026;Vålerenga;Lillestrom;h2h;Vålerenga;;2,18;
ce68c844956fe1bc56ef86bfcc49fcda;19.04.2026;USANN;Unibet (SE);15.04.2026;Vålerenga;Lillestrom;h2h;Draw;;3,7;
ce68c844956fe1bc56ef86bfcc49fcda;19.04.2026;USANN;Unibet (NL);15.04.2026;Vålerenga;Lillestrom;h2h;Lillestrom;;2,8;
ce68c844956fe1bc56ef86bfcc49fcda;19.04.2026;USANN;Unibet (NL);15.04.2026;Vålerenga;Lillestrom;h2h;Vålerenga;;2,18;
ce68c844956fe1bc56ef86bfcc49fcda;19.04.2026;USANN;Unibet (NL);15.04.2026;Vålerenga;Lillestrom;h2h;Draw;;3,7;
ce68c844956fe1bc56ef86bfcc49fcda;19.04.2026;USANN;PMU (FR);15.04.2026;Vålerenga;Lillestrom;h2h;Lillestrom;;2,65;
ce68c844956fe1bc56ef86bfcc49fcda;19.04.2026;USANN;PMU (FR);15.04.2026;Vålerenga;Lillestrom;h2h;Vålerenga;;2,1;
ce68c844956fe1bc56ef86bfcc49fcda;19.04.2026;USANN;PMU (FR);15.04.2026;Vålerenga;Lillestrom;h2h;Draw;;3,55;
ce68c844956fe1bc56ef86bfcc49fcda;19.04.2026;USANN;Betclic (FR);15.04.2026;Vålerenga;Lillestrom;h2h;Lillestrom;;2,38;
ce68c844956fe1bc56ef86bfcc49fcda;19.04.2026;USANN;Betclic (FR);15.04.2026;Vålerenga;Lillestrom;h2h;Vålerenga;;2,18;
ce68c844956fe1bc56ef86bfcc49fcda;19.04.2026;USANN;Betclic (FR);15.04.2026;Vålerenga;Lillestrom;h2h;Draw;;3,55;
ce68c844956fe1bc56ef86bfcc49fcda;19.04.2026;USANN;Winamax (DE);15.04.2026;Vålerenga;Lillestrom;h2h;Lillestrom;;2,4;
ce68c844956fe1bc56ef86bfcc49fcda;19.04.2026;USANN;Winamax (DE);15.04.2026;Vålerenga;Lillestrom;h2h;Vålerenga;;2,25;
ce68c844956fe1bc56ef86bfcc49fcda;19.04.2026;USANN;Winamax (DE);15.04.2026;Vålerenga;Lillestrom;h2h;Draw;;3,75;
ce68c844956fe1bc56ef86bfcc49fcda;19.04.2026;USANN;Winamax (FR);15.04.2026;Vålerenga;Lillestrom;h2h;Lillestrom;;2,3;
ce68c844956fe1bc56ef86bfcc49fcda;19.04.2026;USANN;Winamax (FR);15.04.2026;Vålerenga;Lillestrom;h2h;Vålerenga;;2,15;
ce68c844956fe1bc56ef86bfcc49fcda;19.04.2026;USANN;Winamax (FR);15.04.2026;Vålerenga;Lillestrom;h2h;Draw;;3,55;
ce68c844956fe1bc56ef86bfcc49fcda;19.04.2026;USANN;1xBet;15.04.2026;Vålerenga;Lillestrom;h2h;Lillestrom;;2,67;
ce68c844956fe1bc56ef86bfcc49fcda;19.04.2026;USANN;1xBet;15.04.2026;Vålerenga;Lillestrom;h2h;Vålerenga;;2,45;
ce68c844956fe1bc56ef86bfcc49fcda;19.04.2026;USANN;1xBet;15.04.2026;Vålerenga;Lillestrom;h2h;Draw;;3,79;
ce68c844956fe1bc56ef86bfcc49fcda;19.04.2026;USANN;GTbets;15.04.2026;Vålerenga;Lillestrom;h2h;Lillestrom;;2,56;
ce68c844956fe1bc56ef86bfcc49fcda;19.04.2026;USANN;GTbets;15.04.2026;Vålerenga;Lillestrom;h2h;Vålerenga;;2,46;
ce68c844956fe1bc56ef86bfcc49fcda;19.04.2026;USANN;GTbets;15.04.2026;Vålerenga;Lillestrom;h2h;Draw;;3,79;
ce68c844956fe1bc56ef86bfcc49fcda;19.04.2026;USANN;Marathon Bet;15.04.2026;Vålerenga;Lillestrom;h2h;Lillestrom;;2,61;
ce68c844956fe1bc56ef86bfcc49fcda;19.04.2026;USANN;Marathon Bet;15.04.2026;Vålerenga;Lillestrom;h2h;Vålerenga;;2,39;
ce68c844956fe1bc56ef86bfcc49fcda;19.04.2026;USANN;Marathon Bet;15.04.2026;Vålerenga;Lillestrom;h2h;Draw;;3,7;
ce68c844956fe1bc56ef86bfcc49fcda;19.04.2026;USANN;Codere (IT);15.04.2026;Vålerenga;Lillestrom;h2h;Lillestrom;;2,49;
ce68c844956fe1bc56ef86bfcc49fcda;19.04.2026;USANN;Codere (IT);15.04.2026;Vålerenga;Lillestrom;h2h;Vålerenga;;2,33;
ce68c844956fe1bc56ef86bfcc49fcda;19.04.2026;USANN;Codere (IT);15.04.2026;Vålerenga;Lillestrom;h2h;Draw;;3,75;
ce68c844956fe1bc56ef86bfcc49fcda;19.04.2026;USANN;William Hill;15.04.2026;Vålerenga;Lillestrom;h2h;Lillestrom;;2,62;
ce68c844956fe1bc56ef86bfcc49fcda;19.04.2026;USANN;William Hill;15.04.2026;Vålerenga;Lillestrom;h2h;Vålerenga;;2,38;
ce68c844956fe1bc56ef86bfcc49fcda;19.04.2026;USANN;William Hill;15.04.2026;Vålerenga;Lillestrom;h2h;Draw;;3,5;
ce68c844956fe1bc56ef86bfcc49fcda;19.04.2026;USANN;Unibet (FR);15.04.2026;Vålerenga;Lillestrom;h2h;Lillestrom;;2,4;
ce68c844956fe1bc56ef86bfcc49fcda;19.04.2026;USANN;Unibet (FR);15.04.2026;Vålerenga;Lillestrom;h2h;Vålerenga;;2,15;
ce68c844956fe1bc56ef86bfcc49fcda;19.04.2026;USANN;Unibet (FR);15.04.2026;Vålerenga;Lillestrom;h2h;Draw;;3,55;
ce68c844956fe1bc56ef86bfcc49fcda;19.04.2026;USANN;BetOnline.ag;15.04.2026;Vålerenga;Lillestrom;h2h;Lillestrom;;2,5;
ce68c844956fe1bc56ef86bfcc49fcda;19.04.2026;USANN;BetOnline.ag;15.04.2026;Vålerenga;Lillestrom;h2h;Vålerenga;;2,25;
ce68c844956fe1bc56ef86bfcc49fcda;19.04.2026;USANN;BetOnline.ag;15.04.2026;Vålerenga;Lillestrom;h2h;Draw;;3,9;
ce68c844956fe1bc56ef86bfcc49fcda;19.04.2026;USANN;Betfair;15.04.2026;Vålerenga;Lillestrom;h2h;Lillestrom;;1,04;
ce68c844956fe1bc56ef86bfcc49fcda;19.04.2026;USANN;Betfair;15.04.2026;Vålerenga;Lillestrom;h2h;Vålerenga;;1,04;
ce68c844956fe1bc56ef86bfcc49fcda;19.04.2026;USANN;Betfair;15.04.2026;Vålerenga;Lillestrom;h2h;Draw;;1,03;
ce68c844956fe1bc56ef86bfcc49fcda;19.04.2026;USANN;Betfair;15.04.2026;Vålerenga;Lillestrom;h2h_lay;Lillestrom;;1000;
ce68c844956fe1bc56ef86bfcc49fcda;19.04.2026;USANN;Betfair;15.04.2026;Vålerenga;Lillestrom;h2h_lay;Vålerenga;;1000;
ce68c844956fe1bc56ef86bfcc49fcda;19.04.2026;USANN;Betfair;15.04.2026;Vålerenga;Lillestrom;h2h_lay;Draw;;1000;
060b5d2a667fd892d097aaf82fa66058;19.04.2026;USANN;Unibet (SE);15.04.2026;Kristiansund BK;Fredrikstad FK;h2h;Fredrikstad FK;;2,25;
060b5d2a667fd892d097aaf82fa66058;19.04.2026;USANN;Unibet (SE);15.04.2026;Kristiansund BK;Fredrikstad FK;h2h;Kristiansund BK;;2,8;
060b5d2a667fd892d097aaf82fa66058;19.04.2026;USANN;Unibet (SE);15.04.2026;Kristiansund BK;Fredrikstad FK;h2h;Draw;;3,45;
060b5d2a667fd892d097aaf82fa66058;19.04.2026;USANN;LeoVegas (SE);15.04.2026;Kristiansund BK;Fredrikstad FK;h2h;Fredrikstad FK;;2,25;
060b5d2a667fd892d097aaf82fa66058;19.04.2026;USANN;LeoVegas (SE);15.04.2026;Kristiansund BK;Fredrikstad FK;h2h;Kristiansund BK;;2,8;
060b5d2a667fd892d097aaf82fa66058;19.04.2026;USANN;LeoVegas (SE);15.04.2026;Kristiansund BK;Fredrikstad FK;h2h;Draw;;3,45;
060b5d2a667fd892d097aaf82fa66058;19.04.2026;USANN;Unibet (NL);15.04.2026;Kristiansund BK;Fredrikstad FK;h2h;Fredrikstad FK;;2,25;
060b5d2a667fd892d097aaf82fa66058;19.04.2026;USANN;Unibet (NL);15.04.2026;Kristiansund BK;Fredrikstad FK;h2h;Kristiansund BK;;2,8;
060b5d2a667fd892d097aaf82fa66058;19.04.2026;USANN;Unibet (NL);15.04.2026;Kristiansund BK;Fredrikstad FK;h2h;Draw;;3,45;
060b5d2a667fd892d097aaf82fa66058;19.04.2026;USANN;PMU (FR);15.04.2026;Kristiansund BK;Fredrikstad FK;h2h;Fredrikstad FK;;2,15;
060b5d2a667fd892d097aaf82fa66058;19.04.2026;USANN;PMU (FR);15.04.2026;Kristiansund BK;Fredrikstad FK;h2h;Kristiansund BK;;2,7;
060b5d2a667fd892d097aaf82fa66058;19.04.2026;USANN;PMU (FR);15.04.2026;Kristiansund BK;Fredrikstad FK;h2h;Draw;;3,3;
060b5d2a667fd892d097aaf82fa66058;19.04.2026;USANN;Nordic Bet;15.04.2026;Kristiansund BK;Fredrikstad FK;h2h;Fredrikstad FK;;2,25;
060b5d2a667fd892d097aaf82fa66058;19.04.2026;USANN;Nordic Bet;15.04.2026;Kristiansund BK;Fredrikstad FK;h2h;Kristiansund BK;;2,92;
060b5d2a667fd892d097aaf82fa66058;19.04.2026;USANN;Nordic Bet;15.04.2026;Kristiansund BK;Fredrikstad FK;h2h;Draw;;3,65;
060b5d2a667fd892d097aaf82fa66058;19.04.2026;USANN;Betsson;15.04.2026;Kristiansund BK;Fredrikstad FK;h2h;Fredrikstad FK;;2,25;
060b5d2a667fd892d097aaf82fa66058;19.04.2026;USANN;Betsson;15.04.2026;Kristiansund BK;Fredrikstad FK;h2h;Kristiansund BK;;2,92;
060b5d2a667fd892d097aaf82fa66058;19.04.2026;USANN;Betsson;15.04.2026;Kristiansund BK;Fredrikstad FK;h2h;Draw;;3,65;
060b5d2a667fd892d097aaf82fa66058;19.04.2026;USANN;Marathon Bet;15.04.2026;Kristiansund BK;Fredrikstad FK;h2h;Fredrikstad FK;;2,2;
060b5d2a667fd892d097aaf82fa66058;19.04.2026;USANN;Marathon Bet;15.04.2026;Kristiansund BK;Fredrikstad FK;h2h;Kristiansund BK;;2,91;
060b5d2a667fd892d097aaf82fa66058;19.04.2026;USANN;Marathon Bet;15.04.2026;Kristiansund BK;Fredrikstad FK;h2h;Draw;;3,64;
060b5d2a667fd892d097aaf82fa66058;19.04.2026;USANN;Betclic (FR);15.04.2026;Kristiansund BK;Fredrikstad FK;h2h;Fredrikstad FK;;2,05;
060b5d2a667fd892d097aaf82fa66058;19.04.2026;USANN;Betclic (FR);15.04.2026;Kristiansund BK;Fredrikstad FK;h2h;Kristiansund BK;;2,67;
060b5d2a667fd892d097aaf82fa66058;19.04.2026;USANN;Betclic (FR);15.04.2026;Kristiansund BK;Fredrikstad FK;h2h;Draw;;3,35;
060b5d2a667fd892d097aaf82fa66058;19.04.2026;USANN;1xBet;15.04.2026;Kristiansund BK;Fredrikstad FK;h2h;Fredrikstad FK;;2,25;
060b5d2a667fd892d097aaf82fa66058;19.04.2026;USANN;1xBet;15.04.2026;Kristiansund BK;Fredrikstad FK;h2h;Kristiansund BK;;2,98;
060b5d2a667fd892d097aaf82fa66058;19.04.2026;USANN;1xBet;15.04.2026;Kristiansund BK;Fredrikstad FK;h2h;Draw;;3,73;
060b5d2a667fd892d097aaf82fa66058;19.04.2026;USANN;Codere (IT);15.04.2026;Kristiansund BK;Fredrikstad FK;h2h;Fredrikstad FK;;2,19;
060b5d2a667fd892d097aaf82fa66058;19.04.2026;USANN;Codere (IT);15.04.2026;Kristiansund BK;Fredrikstad FK;h2h;Kristiansund BK;;2,8;
060b5d2a667fd892d097aaf82fa66058;19.04.2026;USANN;Codere (IT);15.04.2026;Kristiansund BK;Fredrikstad FK;h2h;Draw;;3,5;
060b5d2a667fd892d097aaf82fa66058;19.04.2026;USANN;Pinnacle;15.04.2026;Kristiansund BK;Fredrikstad FK;h2h;Fredrikstad FK;;2,25;
060b5d2a667fd892d097aaf82fa66058;19.04.2026;USANN;Pinnacle;15.04.2026;Kristiansund BK;Fredrikstad FK;h2h;Kristiansund BK;;2,94;
060b5d2a667fd892d097aaf82fa66058;19.04.2026;USANN;Pinnacle;15.04.2026;Kristiansund BK;Fredrikstad FK;h2h;Draw;;3,78;
060b5d2a667fd892d097aaf82fa66058;19.04.2026;USANN;Winamax (DE);15.04.2026;Kristiansund BK;Fredrikstad FK;h2h;Fredrikstad FK;;2,1;
060b5d2a667fd892d097aaf82fa66058;19.04.2026;USANN;Winamax (DE);15.04.2026;Kristiansund BK;Fredrikstad FK;h2h;Kristiansund BK;;2,65;
060b5d2a667fd892d097aaf82fa66058;19.04.2026;USANN;Winamax (DE);15.04.2026;Kristiansund BK;Fredrikstad FK;h2h;Draw;;3,45;
060b5d2a667fd892d097aaf82fa66058;19.04.2026;USANN;Winamax (FR);15.04.2026;Kristiansund BK;Fredrikstad FK;h2h;Fredrikstad FK;;2;
060b5d2a667fd892d097aaf82fa66058;19.04.2026;USANN;Winamax (FR);15.04.2026;Kristiansund BK;Fredrikstad FK;h2h;Kristiansund BK;;2,55;
060b5d2a667fd892d097aaf82fa66058;19.04.2026;USANN;Winamax (FR);15.04.2026;Kristiansund BK;Fredrikstad FK;h2h;Draw;;3,3;
060b5d2a667fd892d097aaf82fa66058;19.04.2026;USANN;Betfair;15.04.2026;Kristiansund BK;Fredrikstad FK;h2h;Fredrikstad FK;;2,24;
060b5d2a667fd892d097aaf82fa66058;19.04.2026;USANN;Betfair;15.04.2026;Kristiansund BK;Fredrikstad FK;h2h;Kristiansund BK;;2,86;
060b5d2a667fd892d097aaf82fa66058;19.04.2026;USANN;Betfair;15.04.2026;Kristiansund BK;Fredrikstad FK;h2h;Draw;;3,3;
060b5d2a667fd892d097aaf82fa66058;19.04.2026;USANN;Betfair;15.04.2026;Kristiansund BK;Fredrikstad FK;h2h_lay;Fredrikstad FK;;2,76;
060b5d2a667fd892d097aaf82fa66058;19.04.2026;USANN;Betfair;15.04.2026;Kristiansund BK;Fredrikstad FK;h2h_lay;Kristiansund BK;;3,75;
060b5d2a667fd892d097aaf82fa66058;19.04.2026;USANN;Betfair;15.04.2026;Kristiansund BK;Fredrikstad FK;h2h_lay;Draw;;4,4;
060b5d2a667fd892d097aaf82fa66058;19.04.2026;USANN;William Hill;15.04.2026;Kristiansund BK;Fredrikstad FK;h2h;Fredrikstad FK;;2,2;
060b5d2a667fd892d097aaf82fa66058;19.04.2026;USANN;William Hill;15.04.2026;Kristiansund BK;Fredrikstad FK;h2h;Kristiansund BK;;2,8;
060b5d2a667fd892d097aaf82fa66058;19.04.2026;USANN;William Hill;15.04.2026;Kristiansund BK;Fredrikstad FK;h2h;Draw;;3,5;
060b5d2a667fd892d097aaf82fa66058;19.04.2026;USANN;Coolbet;15.04.2026;Kristiansund BK;Fredrikstad FK;h2h;Fredrikstad FK;;2,3;
060b5d2a667fd892d097aaf82fa66058;19.04.2026;USANN;Coolbet;15.04.2026;Kristiansund BK;Fredrikstad FK;h2h;Kristiansund BK;;3,02;
060b5d2a667fd892d097aaf82fa66058;19.04.2026;USANN;Coolbet;15.04.2026;Kristiansund BK;Fredrikstad FK;h2h;Draw;;3,65;
060b5d2a667fd892d097aaf82fa66058;19.04.2026;USANN;GTbets;15.04.2026;Kristiansund BK;Fredrikstad FK;h2h;Fredrikstad FK;;2,24;
060b5d2a667fd892d097aaf82fa66058;19.04.2026;USANN;GTbets;15.04.2026;Kristiansund BK;Fredrikstad FK;h2h;Kristiansund BK;;2,97;
060b5d2a667fd892d097aaf82fa66058;19.04.2026;USANN;GTbets;15.04.2026;Kristiansund BK;Fredrikstad FK;h2h;Draw;;3,61;
060b5d2a667fd892d097aaf82fa66058;19.04.2026;USANN;Tipico;15.04.2026;Kristiansund BK;Fredrikstad FK;h2h;Fredrikstad FK;;2,25;
060b5d2a667fd892d097aaf82fa66058;19.04.2026;USANN;Tipico;15.04.2026;Kristiansund BK;Fredrikstad FK;h2h;Kristiansund BK;;2,95;
060b5d2a667fd892d097aaf82fa66058;19.04.2026;USANN;Tipico;15.04.2026;Kristiansund BK;Fredrikstad FK;h2h;Draw;;3,3;
060b5d2a667fd892d097aaf82fa66058;19.04.2026;USANN;Everygame;15.04.2026;Kristiansund BK;Fredrikstad FK;h2h;Fredrikstad FK;;2,1;
060b5d2a667fd892d097aaf82fa66058;19.04.2026;USANN;Everygame;15.04.2026;Kristiansund BK;Fredrikstad FK;h2h;Kristiansund BK;;2,7;
060b5d2a667fd892d097aaf82fa66058;19.04.2026;USANN;Everygame;15.04.2026;Kristiansund BK;Fredrikstad FK;h2h;Draw;;3,45;
060b5d2a667fd892d097aaf82fa66058;19.04.2026;USANN;Unibet (FR);15.04.2026;Kristiansund BK;Fredrikstad FK;h2h;Fredrikstad FK;;2,05;
060b5d2a667fd892d097aaf82fa66058;19.04.2026;USANN;Unibet (FR);15.04.2026;Kristiansund BK;Fredrikstad FK;h2h;Kristiansund BK;;2,7;
060b5d2a667fd892d097aaf82fa66058;19.04.2026;USANN;Unibet (FR);15.04.2026;Kristiansund BK;Fredrikstad FK;h2h;Draw;;3,35;
060b5d2a667fd892d097aaf82fa66058;19.04.2026;USANN;BetOnline.ag;15.04.2026;Kristiansund BK;Fredrikstad FK;h2h;Fredrikstad FK;;2,22;
060b5d2a667fd892d097aaf82fa66058;19.04.2026;USANN;BetOnline.ag;15.04.2026;Kristiansund BK;Fredrikstad FK;h2h;Kristiansund BK;;2,86;
060b5d2a667fd892d097aaf82fa66058;19.04.2026;USANN;BetOnline.ag;15.04.2026;Kristiansund BK;Fredrikstad FK;h2h;Draw;;3,65;
a19dbcf80837024c5c96cddc4c49276b;19.04.2026;USANN;LeoVegas (SE);15.04.2026;HamKam;KFUM;h2h;HamKam;;2,65;
a19dbcf80837024c5c96cddc4c49276b;19.04.2026;USANN;LeoVegas (SE);15.04.2026;HamKam;KFUM;h2h;KFUM;;2,43;
a19dbcf80837024c5c96cddc4c49276b;19.04.2026;USANN;LeoVegas (SE);15.04.2026;HamKam;KFUM;h2h;Draw;;3,35;
a19dbcf80837024c5c96cddc4c49276b;19.04.2026;USANN;PMU (FR);15.04.2026;HamKam;KFUM;h2h;HamKam;;2,55;
a19dbcf80837024c5c96cddc4c49276b;19.04.2026;USANN;PMU (FR);15.04.2026;HamKam;KFUM;h2h;KFUM;;2,32;
a19dbcf80837024c5c96cddc4c49276b;19.04.2026;USANN;PMU (FR);15.04.2026;HamKam;KFUM;h2h;Draw;;3,2;
a19dbcf80837024c5c96cddc4c49276b;19.04.2026;USANN;Unibet (SE);15.04.2026;HamKam;KFUM;h2h;HamKam;;2,65;
a19dbcf80837024c5c96cddc4c49276b;19.04.2026;USANN;Unibet (SE);15.04.2026;HamKam;KFUM;h2h;KFUM;;2,43;
a19dbcf80837024c5c96cddc4c49276b;19.04.2026;USANN;Unibet (SE);15.04.2026;HamKam;KFUM;h2h;Draw;;3,35;
a19dbcf80837024c5c96cddc4c49276b;19.04.2026;USANN;Unibet (NL);15.04.2026;HamKam;KFUM;h2h;HamKam;;2,65;
a19dbcf80837024c5c96cddc4c49276b;19.04.2026;USANN;Unibet (NL);15.04.2026;HamKam;KFUM;h2h;KFUM;;2,43;
a19dbcf80837024c5c96cddc4c49276b;19.04.2026;USANN;Unibet (NL);15.04.2026;HamKam;KFUM;h2h;Draw;;3,35;
a19dbcf80837024c5c96cddc4c49276b;19.04.2026;USANN;Nordic Bet;15.04.2026;HamKam;KFUM;h2h;HamKam;;2,65;
a19dbcf80837024c5c96cddc4c49276b;19.04.2026;USANN;Nordic Bet;15.04.2026;HamKam;KFUM;h2h;KFUM;;2,55;
a19dbcf80837024c5c96cddc4c49276b;19.04.2026;USANN;Nordic Bet;15.04.2026;HamKam;KFUM;h2h;Draw;;3,45;
a19dbcf80837024c5c96cddc4c49276b;19.04.2026;USANN;Betsson;15.04.2026;HamKam;KFUM;h2h;HamKam;;2,65;
a19dbcf80837024c5c96cddc4c49276b;19.04.2026;USANN;Betsson;15.04.2026;HamKam;KFUM;h2h;KFUM;;2,55;
a19dbcf80837024c5c96cddc4c49276b;19.04.2026;USANN;Betsson;15.04.2026;HamKam;KFUM;h2h;Draw;;3,45;
a19dbcf80837024c5c96cddc4c49276b;19.04.2026;USANN;Marathon Bet;15.04.2026;HamKam;KFUM;h2h;HamKam;;2,64;
a19dbcf80837024c5c96cddc4c49276b;19.04.2026;USANN;Marathon Bet;15.04.2026;HamKam;KFUM;h2h;KFUM;;2,51;
a19dbcf80837024c5c96cddc4c49276b;19.04.2026;USANN;Marathon Bet;15.04.2026;HamKam;KFUM;h2h;Draw;;3,4;
a19dbcf80837024c5c96cddc4c49276b;19.04.2026;USANN;Codere (IT);15.04.2026;HamKam;KFUM;h2h;HamKam;;2,5;
a19dbcf80837024c5c96cddc4c49276b;19.04.2026;USANN;Codere (IT);15.04.2026;HamKam;KFUM;h2h;KFUM;;2,49;
a19dbcf80837024c5c96cddc4c49276b;19.04.2026;USANN;Codere (IT);15.04.2026;HamKam;KFUM;h2h;Draw;;3,35;
a19dbcf80837024c5c96cddc4c49276b;19.04.2026;USANN;Pinnacle;15.04.2026;HamKam;KFUM;h2h;HamKam;;2,68;
a19dbcf80837024c5c96cddc4c49276b;19.04.2026;USANN;Pinnacle;15.04.2026;HamKam;KFUM;h2h;KFUM;;2,57;
a19dbcf80837024c5c96cddc4c49276b;19.04.2026;USANN;Pinnacle;15.04.2026;HamKam;KFUM;h2h;Draw;;3,5;
a19dbcf80837024c5c96cddc4c49276b;19.04.2026;USANN;Winamax (DE);15.04.2026;HamKam;KFUM;h2h;HamKam;;2,35;
a19dbcf80837024c5c96cddc4c49276b;19.04.2026;USANN;Winamax (DE);15.04.2026;HamKam;KFUM;h2h;KFUM;;2,35;
a19dbcf80837024c5c96cddc4c49276b;19.04.2026;USANN;Winamax (DE);15.04.2026;HamKam;KFUM;h2h;Draw;;3,25;
a19dbcf80837024c5c96cddc4c49276b;19.04.2026;USANN;Winamax (FR);15.04.2026;HamKam;KFUM;h2h;HamKam;;2,3;
a19dbcf80837024c5c96cddc4c49276b;19.04.2026;USANN;Winamax (FR);15.04.2026;HamKam;KFUM;h2h;KFUM;;2,3;
a19dbcf80837024c5c96cddc4c49276b;19.04.2026;USANN;Winamax (FR);15.04.2026;HamKam;KFUM;h2h;Draw;;3,15;
a19dbcf80837024c5c96cddc4c49276b;19.04.2026;USANN;Betfair;15.04.2026;HamKam;KFUM;h2h;HamKam;;2,68;
a19dbcf80837024c5c96cddc4c49276b;19.04.2026;USANN;Betfair;15.04.2026;HamKam;KFUM;h2h;KFUM;;2,58;
a19dbcf80837024c5c96cddc4c49276b;19.04.2026;USANN;Betfair;15.04.2026;HamKam;KFUM;h2h;Draw;;3,05;
a19dbcf80837024c5c96cddc4c49276b;19.04.2026;USANN;Betfair;15.04.2026;HamKam;KFUM;h2h_lay;HamKam;;3,55;
a19dbcf80837024c5c96cddc4c49276b;19.04.2026;USANN;Betfair;15.04.2026;HamKam;KFUM;h2h_lay;KFUM;;3,35;
a19dbcf80837024c5c96cddc4c49276b;19.04.2026;USANN;Betfair;15.04.2026;HamKam;KFUM;h2h_lay;Draw;;3,85;
a19dbcf80837024c5c96cddc4c49276b;19.04.2026;USANN;William Hill;15.04.2026;HamKam;KFUM;h2h;HamKam;;2,5;
a19dbcf80837024c5c96cddc4c49276b;19.04.2026;USANN;William Hill;15.04.2026;HamKam;KFUM;h2h;KFUM;;2,5;
a19dbcf80837024c5c96cddc4c49276b;19.04.2026;USANN;William Hill;15.04.2026;HamKam;KFUM;h2h;Draw;;3,3;
a19dbcf80837024c5c96cddc4c49276b;19.04.2026;USANN;Betclic (FR);15.04.2026;HamKam;KFUM;h2h;HamKam;;2,42;
a19dbcf80837024c5c96cddc4c49276b;19.04.2026;USANN;Betclic (FR);15.04.2026;HamKam;KFUM;h2h;KFUM;;2,32;
a19dbcf80837024c5c96cddc4c49276b;19.04.2026;USANN;Betclic (FR);15.04.2026;HamKam;KFUM;h2h;Draw;;3,17;
a19dbcf80837024c5c96cddc4c49276b;19.04.2026;USANN;Coolbet;15.04.2026;HamKam;KFUM;h2h;HamKam;;2,85;
a19dbcf80837024c5c96cddc4c49276b;19.04.2026;USANN;Coolbet;15.04.2026;HamKam;KFUM;h2h;KFUM;;2,5;
a19dbcf80837024c5c96cddc4c49276b;19.04.2026;USANN;Coolbet;15.04.2026;HamKam;KFUM;h2h;Draw;;3,45;
a19dbcf80837024c5c96cddc4c49276b;19.04.2026;USANN;GTbets;15.04.2026;HamKam;KFUM;h2h;HamKam;;2,65;
a19dbcf80837024c5c96cddc4c49276b;19.04.2026;USANN;GTbets;15.04.2026;HamKam;KFUM;h2h;KFUM;;2,59;
a19dbcf80837024c5c96cddc4c49276b;19.04.2026;USANN;GTbets;15.04.2026;HamKam;KFUM;h2h;Draw;;3,38;
a19dbcf80837024c5c96cddc4c49276b;19.04.2026;USANN;Tipico;15.04.2026;HamKam;KFUM;h2h;HamKam;;2,65;
a19dbcf80837024c5c96cddc4c49276b;19.04.2026;USANN;Tipico;15.04.2026;HamKam;KFUM;h2h;KFUM;;2,45;
a19dbcf80837024c5c96cddc4c49276b;19.04.2026;USANN;Tipico;15.04.2026;HamKam;KFUM;h2h;Draw;;3,3;
a19dbcf80837024c5c96cddc4c49276b;19.04.2026;USANN;Everygame;15.04.2026;HamKam;KFUM;h2h;HamKam;;2,5;
a19dbcf80837024c5c96cddc4c49276b;19.04.2026;USANN;Everygame;15.04.2026;HamKam;KFUM;h2h;KFUM;;2,4;
a19dbcf80837024c5c96cddc4c49276b;19.04.2026;USANN;Everygame;15.04.2026;HamKam;KFUM;h2h;Draw;;3,25;
a19dbcf80837024c5c96cddc4c49276b;19.04.2026;USANN;Unibet (FR);15.04.2026;HamKam;KFUM;h2h;HamKam;;2,4;
a19dbcf80837024c5c96cddc4c49276b;19.04.2026;USANN;Unibet (FR);15.04.2026;HamKam;KFUM;h2h;KFUM;;2,3;
a19dbcf80837024c5c96cddc4c49276b;19.04.2026;USANN;Unibet (FR);15.04.2026;HamKam;KFUM;h2h;Draw;;3,2;
a19dbcf80837024c5c96cddc4c49276b;19.04.2026;USANN;BetOnline.ag;15.04.2026;HamKam;KFUM;h2h;HamKam;;2,64;
a19dbcf80837024c5c96cddc4c49276b;19.04.2026;USANN;BetOnline.ag;15.04.2026;HamKam;KFUM;h2h;KFUM;;2,54;
a19dbcf80837024c5c96cddc4c49276b;19.04.2026;USANN;BetOnline.ag;15.04.2026;HamKam;KFUM;h2h;Draw;;3,35;
b856e01ffd93c2e59ab5e0c04b53f2c3;19.04.2026;USANN;PMU (FR);15.04.2026;Sarpsborg FK;Tromso;h2h;Sarpsborg FK;;3;
b856e01ffd93c2e59ab5e0c04b53f2c3;19.04.2026;USANN;PMU (FR);15.04.2026;Sarpsborg FK;Tromso;h2h;Tromso;;1,96;
b856e01ffd93c2e59ab5e0c04b53f2c3;19.04.2026;USANN;PMU (FR);15.04.2026;Sarpsborg FK;Tromso;h2h;Draw;;3,35;
b856e01ffd93c2e59ab5e0c04b53f2c3;19.04.2026;USANN;Unibet (SE);15.04.2026;Sarpsborg FK;Tromso;h2h;Sarpsborg FK;;3,15;
b856e01ffd93c2e59ab5e0c04b53f2c3;19.04.2026;USANN;Unibet (SE);15.04.2026;Sarpsborg FK;Tromso;h2h;Tromso;;2,06;
b856e01ffd93c2e59ab5e0c04b53f2c3;19.04.2026;USANN;Unibet (SE);15.04.2026;Sarpsborg FK;Tromso;h2h;Draw;;3,5;
b856e01ffd93c2e59ab5e0c04b53f2c3;19.04.2026;USANN;Unibet (NL);15.04.2026;Sarpsborg FK;Tromso;h2h;Sarpsborg FK;;3,15;
b856e01ffd93c2e59ab5e0c04b53f2c3;19.04.2026;USANN;Unibet (NL);15.04.2026;Sarpsborg FK;Tromso;h2h;Tromso;;2,06;
b856e01ffd93c2e59ab5e0c04b53f2c3;19.04.2026;USANN;Unibet (NL);15.04.2026;Sarpsborg FK;Tromso;h2h;Draw;;3,5;
b856e01ffd93c2e59ab5e0c04b53f2c3;19.04.2026;USANN;LeoVegas (SE);15.04.2026;Sarpsborg FK;Tromso;h2h;Sarpsborg FK;;3,15;
b856e01ffd93c2e59ab5e0c04b53f2c3;19.04.2026;USANN;LeoVegas (SE);15.04.2026;Sarpsborg FK;Tromso;h2h;Tromso;;2,06;
b856e01ffd93c2e59ab5e0c04b53f2c3;19.04.2026;USANN;LeoVegas (SE);15.04.2026;Sarpsborg FK;Tromso;h2h;Draw;;3,5;
b856e01ffd93c2e59ab5e0c04b53f2c3;19.04.2026;USANN;Betsson;15.04.2026;Sarpsborg FK;Tromso;h2h;Sarpsborg FK;;3,2;
b856e01ffd93c2e59ab5e0c04b53f2c3;19.04.2026;USANN;Betsson;15.04.2026;Sarpsborg FK;Tromso;h2h;Tromso;;2,18;
b856e01ffd93c2e59ab5e0c04b53f2c3;19.04.2026;USANN;Betsson;15.04.2026;Sarpsborg FK;Tromso;h2h;Draw;;3,55;
b856e01ffd93c2e59ab5e0c04b53f2c3;19.04.2026;USANN;Nordic Bet;15.04.2026;Sarpsborg FK;Tromso;h2h;Sarpsborg FK;;3,2;
b856e01ffd93c2e59ab5e0c04b53f2c3;19.04.2026;USANN;Nordic Bet;15.04.2026;Sarpsborg FK;Tromso;h2h;Tromso;;2,18;
b856e01ffd93c2e59ab5e0c04b53f2c3;19.04.2026;USANN;Nordic Bet;15.04.2026;Sarpsborg FK;Tromso;h2h;Draw;;3,55;
b856e01ffd93c2e59ab5e0c04b53f2c3;19.04.2026;USANN;Betclic (FR);15.04.2026;Sarpsborg FK;Tromso;h2h;Sarpsborg FK;;2,95;
b856e01ffd93c2e59ab5e0c04b53f2c3;19.04.2026;USANN;Betclic (FR);15.04.2026;Sarpsborg FK;Tromso;h2h;Tromso;;1,96;
b856e01ffd93c2e59ab5e0c04b53f2c3;19.04.2026;USANN;Betclic (FR);15.04.2026;Sarpsborg FK;Tromso;h2h;Draw;;3,23;
b856e01ffd93c2e59ab5e0c04b53f2c3;19.04.2026;USANN;Winamax (DE);15.04.2026;Sarpsborg FK;Tromso;h2h;Sarpsborg FK;;2,95;
b856e01ffd93c2e59ab5e0c04b53f2c3;19.04.2026;USANN;Winamax (DE);15.04.2026;Sarpsborg FK;Tromso;h2h;Tromso;;2;
b856e01ffd93c2e59ab5e0c04b53f2c3;19.04.2026;USANN;Winamax (DE);15.04.2026;Sarpsborg FK;Tromso;h2h;Draw;;3,4;
b856e01ffd93c2e59ab5e0c04b53f2c3;19.04.2026;USANN;Winamax (FR);15.04.2026;Sarpsborg FK;Tromso;h2h;Sarpsborg FK;;2,8;
b856e01ffd93c2e59ab5e0c04b53f2c3;19.04.2026;USANN;Winamax (FR);15.04.2026;Sarpsborg FK;Tromso;h2h;Tromso;;1,96;
b856e01ffd93c2e59ab5e0c04b53f2c3;19.04.2026;USANN;Winamax (FR);15.04.2026;Sarpsborg FK;Tromso;h2h;Draw;;3,2;
b856e01ffd93c2e59ab5e0c04b53f2c3;19.04.2026;USANN;1xBet;15.04.2026;Sarpsborg FK;Tromso;h2h;Sarpsborg FK;;3,25;
b856e01ffd93c2e59ab5e0c04b53f2c3;19.04.2026;USANN;1xBet;15.04.2026;Sarpsborg FK;Tromso;h2h;Tromso;;2,17;
b856e01ffd93c2e59ab5e0c04b53f2c3;19.04.2026;USANN;1xBet;15.04.2026;Sarpsborg FK;Tromso;h2h;Draw;;3,58;
b856e01ffd93c2e59ab5e0c04b53f2c3;19.04.2026;USANN;GTbets;15.04.2026;Sarpsborg FK;Tromso;h2h;Sarpsborg FK;;3,15;
b856e01ffd93c2e59ab5e0c04b53f2c3;19.04.2026;USANN;GTbets;15.04.2026;Sarpsborg FK;Tromso;h2h;Tromso;;2,15;
b856e01ffd93c2e59ab5e0c04b53f2c3;19.04.2026;USANN;GTbets;15.04.2026;Sarpsborg FK;Tromso;h2h;Draw;;3,64;
b856e01ffd93c2e59ab5e0c04b53f2c3;19.04.2026;USANN;Unibet (FR);15.04.2026;Sarpsborg FK;Tromso;h2h;Sarpsborg FK;;2,95;
b856e01ffd93c2e59ab5e0c04b53f2c3;19.04.2026;USANN;Unibet (FR);15.04.2026;Sarpsborg FK;Tromso;h2h;Tromso;;1,94;
b856e01ffd93c2e59ab5e0c04b53f2c3;19.04.2026;USANN;Unibet (FR);15.04.2026;Sarpsborg FK;Tromso;h2h;Draw;;3,25;
b856e01ffd93c2e59ab5e0c04b53f2c3;19.04.2026;USANN;Codere (IT);15.04.2026;Sarpsborg FK;Tromso;h2h;Sarpsborg FK;;3,1;
b856e01ffd93c2e59ab5e0c04b53f2c3;19.04.2026;USANN;Codere (IT);15.04.2026;Sarpsborg FK;Tromso;h2h;Tromso;;2,08;
b856e01ffd93c2e59ab5e0c04b53f2c3;19.04.2026;USANN;Codere (IT);15.04.2026;Sarpsborg FK;Tromso;h2h;Draw;;3,4;
b856e01ffd93c2e59ab5e0c04b53f2c3;19.04.2026;USANN;Marathon Bet;15.04.2026;Sarpsborg FK;Tromso;h2h;Sarpsborg FK;;3,18;
b856e01ffd93c2e59ab5e0c04b53f2c3;19.04.2026;USANN;Marathon Bet;15.04.2026;Sarpsborg FK;Tromso;h2h;Tromso;;2,12;
b856e01ffd93c2e59ab5e0c04b53f2c3;19.04.2026;USANN;Marathon Bet;15.04.2026;Sarpsborg FK;Tromso;h2h;Draw;;3,5;
b856e01ffd93c2e59ab5e0c04b53f2c3;19.04.2026;USANN;William Hill;15.04.2026;Sarpsborg FK;Tromso;h2h;Sarpsborg FK;;3,1;
b856e01ffd93c2e59ab5e0c04b53f2c3;19.04.2026;USANN;William Hill;15.04.2026;Sarpsborg FK;Tromso;h2h;Tromso;;2,1;
b856e01ffd93c2e59ab5e0c04b53f2c3;19.04.2026;USANN;William Hill;15.04.2026;Sarpsborg FK;Tromso;h2h;Draw;;3,3;
b856e01ffd93c2e59ab5e0c04b53f2c3;19.04.2026;USANN;Betfair;15.04.2026;Sarpsborg FK;Tromso;h2h;Sarpsborg FK;;1,04;
b856e01ffd93c2e59ab5e0c04b53f2c3;19.04.2026;USANN;Betfair;15.04.2026;Sarpsborg FK;Tromso;h2h;Tromso;;1,04;
b856e01ffd93c2e59ab5e0c04b53f2c3;19.04.2026;USANN;Betfair;15.04.2026;Sarpsborg FK;Tromso;h2h;Draw;;1,03;
c3a16329eecaf21fcf64e03176f219e2;19.04.2026;USANN;Unibet (SE);15.04.2026;IK Start;Molde;h2h;IK Start;;2,95;
c3a16329eecaf21fcf64e03176f219e2;19.04.2026;USANN;Unibet (SE);15.04.2026;IK Start;Molde;h2h;Molde;;2,17;
c3a16329eecaf21fcf64e03176f219e2;19.04.2026;USANN;Unibet (SE);15.04.2026;IK Start;Molde;h2h;Draw;;3,5;
c3a16329eecaf21fcf64e03176f219e2;19.04.2026;USANN;Unibet (NL);15.04.2026;IK Start;Molde;h2h;IK Start;;2,95;
c3a16329eecaf21fcf64e03176f219e2;19.04.2026;USANN;Unibet (NL);15.04.2026;IK Start;Molde;h2h;Molde;;2,17;
c3a16329eecaf21fcf64e03176f219e2;19.04.2026;USANN;Unibet (NL);15.04.2026;IK Start;Molde;h2h;Draw;;3,5;
c3a16329eecaf21fcf64e03176f219e2;19.04.2026;USANN;PMU (FR);15.04.2026;IK Start;Molde;h2h;IK Start;;2,8;
c3a16329eecaf21fcf64e03176f219e2;19.04.2026;USANN;PMU (FR);15.04.2026;IK Start;Molde;h2h;Molde;;2,07;
c3a16329eecaf21fcf64e03176f219e2;19.04.2026;USANN;PMU (FR);15.04.2026;IK Start;Molde;h2h;Draw;;3,35;
c3a16329eecaf21fcf64e03176f219e2;19.04.2026;USANN;LeoVegas (SE);15.04.2026;IK Start;Molde;h2h;IK Start;;2,95;
c3a16329eecaf21fcf64e03176f219e2;19.04.2026;USANN;LeoVegas (SE);15.04.2026;IK Start;Molde;h2h;Molde;;2,17;
c3a16329eecaf21fcf64e03176f219e2;19.04.2026;USANN;LeoVegas (SE);15.04.2026;IK Start;Molde;h2h;Draw;;3,5;
c3a16329eecaf21fcf64e03176f219e2;19.04.2026;USANN;Betsson;15.04.2026;IK Start;Molde;h2h;IK Start;;3,45;
c3a16329eecaf21fcf64e03176f219e2;19.04.2026;USANN;Betsson;15.04.2026;IK Start;Molde;h2h;Molde;;2,08;
c3a16329eecaf21fcf64e03176f219e2;19.04.2026;USANN;Betsson;15.04.2026;IK Start;Molde;h2h;Draw;;3,55;
c3a16329eecaf21fcf64e03176f219e2;19.04.2026;USANN;Nordic Bet;15.04.2026;IK Start;Molde;h2h;IK Start;;3,45;
c3a16329eecaf21fcf64e03176f219e2;19.04.2026;USANN;Nordic Bet;15.04.2026;IK Start;Molde;h2h;Molde;;2,08;
c3a16329eecaf21fcf64e03176f219e2;19.04.2026;USANN;Nordic Bet;15.04.2026;IK Start;Molde;h2h;Draw;;3,55;
c3a16329eecaf21fcf64e03176f219e2;19.04.2026;USANN;Betclic (FR);15.04.2026;IK Start;Molde;h2h;IK Start;;3,05;
c3a16329eecaf21fcf64e03176f219e2;19.04.2026;USANN;Betclic (FR);15.04.2026;IK Start;Molde;h2h;Molde;;1,91;
c3a16329eecaf21fcf64e03176f219e2;19.04.2026;USANN;Betclic (FR);15.04.2026;IK Start;Molde;h2h;Draw;;3,23;
c3a16329eecaf21fcf64e03176f219e2;19.04.2026;USANN;Winamax (DE);15.04.2026;IK Start;Molde;h2h;IK Start;;3,05;
c3a16329eecaf21fcf64e03176f219e2;19.04.2026;USANN;Winamax (DE);15.04.2026;IK Start;Molde;h2h;Molde;;1,98;
c3a16329eecaf21fcf64e03176f219e2;19.04.2026;USANN;Winamax (DE);15.04.2026;IK Start;Molde;h2h;Draw;;3,4;
c3a16329eecaf21fcf64e03176f219e2;19.04.2026;USANN;Winamax (FR);15.04.2026;IK Start;Molde;h2h;IK Start;;2,9;
c3a16329eecaf21fcf64e03176f219e2;19.04.2026;USANN;Winamax (FR);15.04.2026;IK Start;Molde;h2h;Molde;;1,9;
c3a16329eecaf21fcf64e03176f219e2;19.04.2026;USANN;Winamax (FR);15.04.2026;IK Start;Molde;h2h;Draw;;3,25;
c3a16329eecaf21fcf64e03176f219e2;19.04.2026;USANN;1xBet;15.04.2026;IK Start;Molde;h2h;IK Start;;3,48;
c3a16329eecaf21fcf64e03176f219e2;19.04.2026;USANN;1xBet;15.04.2026;IK Start;Molde;h2h;Molde;;2,08;
c3a16329eecaf21fcf64e03176f219e2;19.04.2026;USANN;1xBet;15.04.2026;IK Start;Molde;h2h;Draw;;3,58;
c3a16329eecaf21fcf64e03176f219e2;19.04.2026;USANN;GTbets;15.04.2026;IK Start;Molde;h2h;IK Start;;3,31;
c3a16329eecaf21fcf64e03176f219e2;19.04.2026;USANN;GTbets;15.04.2026;IK Start;Molde;h2h;Molde;;2,09;
c3a16329eecaf21fcf64e03176f219e2;19.04.2026;USANN;GTbets;15.04.2026;IK Start;Molde;h2h;Draw;;3,53;
c3a16329eecaf21fcf64e03176f219e2;19.04.2026;USANN;Tipico;15.04.2026;IK Start;Molde;h2h;IK Start;;3,6;
c3a16329eecaf21fcf64e03176f219e2;19.04.2026;USANN;Tipico;15.04.2026;IK Start;Molde;h2h;Molde;;1,95;
c3a16329eecaf21fcf64e03176f219e2;19.04.2026;USANN;Tipico;15.04.2026;IK Start;Molde;h2h;Draw;;3,4;
c3a16329eecaf21fcf64e03176f219e2;19.04.2026;USANN;Unibet (FR);15.04.2026;IK Start;Molde;h2h;IK Start;;3,05;
c3a16329eecaf21fcf64e03176f219e2;19.04.2026;USANN;Unibet (FR);15.04.2026;IK Start;Molde;h2h;Molde;;1,9;
c3a16329eecaf21fcf64e03176f219e2;19.04.2026;USANN;Unibet (FR);15.04.2026;IK Start;Molde;h2h;Draw;;3,25;
c3a16329eecaf21fcf64e03176f219e2;19.04.2026;USANN;Codere (IT);15.04.2026;IK Start;Molde;h2h;IK Start;;3,2;
c3a16329eecaf21fcf64e03176f219e2;19.04.2026;USANN;Codere (IT);15.04.2026;IK Start;Molde;h2h;Molde;;2,03;
c3a16329eecaf21fcf64e03176f219e2;19.04.2026;USANN;Codere (IT);15.04.2026;IK Start;Molde;h2h;Draw;;3,4;
c3a16329eecaf21fcf64e03176f219e2;19.04.2026;USANN;Marathon Bet;15.04.2026;IK Start;Molde;h2h;IK Start;;3,4;
c3a16329eecaf21fcf64e03176f219e2;19.04.2026;USANN;Marathon Bet;15.04.2026;IK Start;Molde;h2h;Molde;;2,03;
c3a16329eecaf21fcf64e03176f219e2;19.04.2026;USANN;Marathon Bet;15.04.2026;IK Start;Molde;h2h;Draw;;3,5;
c3a16329eecaf21fcf64e03176f219e2;19.04.2026;USANN;BetOnline.ag;15.04.2026;IK Start;Molde;h2h;IK Start;;3,45;
c3a16329eecaf21fcf64e03176f219e2;19.04.2026;USANN;BetOnline.ag;15.04.2026;IK Start;Molde;h2h;Molde;;2,02;
c3a16329eecaf21fcf64e03176f219e2;19.04.2026;USANN;BetOnline.ag;15.04.2026;IK Start;Molde;h2h;Draw;;3,5;
c3a16329eecaf21fcf64e03176f219e2;19.04.2026;USANN;Pinnacle;15.04.2026;IK Start;Molde;h2h;IK Start;;3,54;
c3a16329eecaf21fcf64e03176f219e2;19.04.2026;USANN;Pinnacle;15.04.2026;IK Start;Molde;h2h;Molde;;2,04;
c3a16329eecaf21fcf64e03176f219e2;19.04.2026;USANN;Pinnacle;15.04.2026;IK Start;Molde;h2h;Draw;;3,6;
c3a16329eecaf21fcf64e03176f219e2;19.04.2026;USANN;William Hill;15.04.2026;IK Start;Molde;h2h;IK Start;;3,3;
c3a16329eecaf21fcf64e03176f219e2;19.04.2026;USANN;William Hill;15.04.2026;IK Start;Molde;h2h;Molde;;2,05;
c3a16329eecaf21fcf64e03176f219e2;19.04.2026;USANN;William Hill;15.04.2026;IK Start;Molde;h2h;Draw;;3,3;
c3a16329eecaf21fcf64e03176f219e2;19.04.2026;USANN;Everygame;15.04.2026;IK Start;Molde;h2h;IK Start;;3,25;
c3a16329eecaf21fcf64e03176f219e2;19.04.2026;USANN;Everygame;15.04.2026;IK Start;Molde;h2h;Molde;;1,91;
c3a16329eecaf21fcf64e03176f219e2;19.04.2026;USANN;Everygame;15.04.2026;IK Start;Molde;h2h;Draw;;3,3;
;;;;;;;;;;;
;;;;;;;;;;;
;;;;;;;;;;;
;;;;;;;;;;;
;;;;;;;;;;;
;;;;;;;;;;;
;;;;;;;;;;;
;;;;;;;;;;;
;;;;;;;;;;;
;;;;;;;;;;;
;;;;;;;;;;;
;;;;;;;;;;;
;;;;;;;;;;;
;;;;;;;;;;;
;;;;;;;;;;;
;;;;;;;;;;;
;;;;;;;;;;;
;;;;;;;;;;;
;;;;;;;;;;;
;;;;;;;;;;;
;;;;;;;;;;;
;;;;;;;;;;;
;;;;;;;;;;;
;;;;;;;;;;;
;;;;;;;;;;;
;;;;;;;;;;;
;;;;;;;;;;;
;;;;;;;;;;;
;;;;;;;;;;;
;;;;;;;;;;;
;;;;;;;;;;;
;;;;;;;;;;;
;;;;;;;;;;;
;;;;;;;;;;;
;;;;;;;;;;;
;;;;;;;;;;;
;;;;;;;;;;;
;;;;;;;;;;;
;;;;;;;;;;;
;;;;;;;;;;;
;;;;;;;;;;;
;;;;;;;;;;;
;;;;;;;;;;;
;;;;;;;;;;;
;;;;;;;;;;;
;;;;;;;;;;;
;;;;;;;;;;;
;;;;;;;;;;;
;;;;;;;;;;;
;;;;;;;;;;;
;;;;;;;;;;;
;;;;;;;;;;;
;;;;;;;;;;;
;;;;;;;;;;;
;;;;;;;;;;;
;;;;;;;;;;;
;;;;;;;;;;;
;;;;;;;;;;;
;;;;;;;;;;;
;;;;;;;;;;;
;;;;;;;;;;;
;;;;;;;;;;;
;;;;;;;;;;;
;;;;;;;;;;;
;;;;;;;;;;;
;;;;;;;;;;;
;;;;;;;;;;;
;;;;;;;;;;;
;;;;;;;;;;;
;;;;;;;;;;;
;;;;;;;;;;;
;;;;;;;;;;;
;;;;;;;;;;;
;;;;;;;;;;;
;;;;;;;;;;;
;;;;;;;;;;;
;;;;;;;;;;;
;;;;;;;;;;;
;;;;;;;;;;;
;;;;;;;;;;;
;;;;;;;;;;;
;;;;;;;;;;;
;;;;;;;;;;;
;;;;;;;;;;;
;;;;;;;;;;;
;;;;;;;;;;;
;;;;;;;;;;;
;;;;;;;;;;;
;;;;;;;;;;;
;;;;;;;;;;;
;;;;;;;;;;;
;;;;;;;;;;;
;;;;;;;;;;;
;;;;;;;;;;;
;;;;;;;;;;;
;;;;;;;;;;;
;;;;;;;;;;;
;;;;;;;;;;;
;;;;;;;;;;;
;;;;;;;;;;;
;;;;;;;;;;;
;;;;;;;;;;;
;;;;;;;;;;;
;;;;;;;;;;;
;;;;;;;;;;;
;;;;;;;;;;;
;;;;;;;;;;;
;;;;;;;;;;;
;;;;;;;;;;;
;;;;;;;;;;;
;;;;;;;;;;;
;;;;;;;;;;;
;;;;;;;;;;;
;;;;;;;;;;;
;;;;;;;;;;;
;;;;;;;;;;;
;;;;;;;;;;;
;;;;;;;;;;;
;;;;;;;;;;;
;;;;;;;;;;;
;;;;;;;;;;;
;;;;;;;;;;;
;;;;;;;;;;;
;;;;;;;;;;;
;;;;;;;;;;;
;;;;;;;;;;;
;;;;;;;;;;;
;;;;;;;;;;;
;;;;;;;;;;;
;;;;;;;;;;;
;;;;;;;;;;;
;;;;;;;;;;;
;;;;;;;;;;;
;;;;;;;;;;;
;;;;;;;;;;;
;;;;;;;;;;;
;;;;;;;;;;;
;;;;;;;;;;;
;;;;;;;;;;;
;;;;;;;;;;;
;;;;;;;;;;;
;;;;;;;;;;;
;;;;;;;;;;;
;;;;;;;;;;;
;;;;;;;;;;;
;;;;;;;;;;;
;;;;;;;;;;;
;;;;;;;;;;;
;;;;;;;;;;;
;;;;;;;;;;;
;;;;;;;;;;;
;;;;;;;;;;;
;;;;;;;;;;;
;;;;;;;;;;;
;;;;;;;;;;;
;;;;;;;;;;;
;;;;;;;;;;;
;;;;;;;;;;;
;;;;;;;;;;;
;;;;;;;;;;;
;;;;;;;;;;;
;;;;;;;;;;;
;;;;;;;;;;;
;;;;;;;;;;;
;;;;;;;;;;;
;;;;;;;;;;;
;;;;;;;;;;;
;;;;;;;;;;;
;;;;;;;;;;;
;;;;;;;;;;;
;;;;;;;;;;;
;;;;;;;;;;;
;;;;;;;;;;;
;;;;;;;;;;;
;;;;;;;;;;;
;;;;;;;;;;;
;;;;;;;;;;;
;;;;;;;;;;;
;;;;;;;;;;;
;;;;;;;;;;;
;;;;;;;;;;;
;;;;;;;;;;;
;;;;;;;;;;;
;;;;;;;;;;;
;;;;;;;;;;;
;;;;;;;;;;;
;;;;;;;;;;;
;;;;;;;;;;;
;;;;;;;;;;;
;;;;;;;;;;;
;;;;;;;;;;;
;;;;;;;;;;;
;;;;;;;;;;;
;;;;;;;;;;;
;;;;;;;;;;;
;;;;;;;;;;;
;;;;;;;;;;;
;;;;;;;;;;;
;;;;;;;;;;;
;;;;;;;;;;;
;;;;;;;;;;;
;;;;;;;;;;;
;;;;;;;;;;;
;;;;;;;;;;;
;;;;;;;;;;;
;;;;;;;;;;;
;;;;;;;;;;;
;;;;;;;;;;;
;;;;;;;;;;;
;;;;;;;;;;;
;;;;;;;;;;;
;;;;;;;;;;;
;;;;;;;;;;;
;;;;;;;;;;;
;;;;;;;;;;;
;;;;;;;;;;;
;;;;;;;;;;;
;;;;;;;;;;;
;;;;;;;;;;;
;;;;;;;;;;;
;;;;;;;;;;;
;;;;;;;;;;;
;;;;;;;;;;;
;;;;;;;;;;;
;;;;;;;;;;;
;;;;;;;;;;;
;;;;;;;;;;;
;;;;;;;;;;;
;;;;;;;;;;;
;;;;;;;;;;;
;;;;;;;;;;;
;;;;;;;;;;;
;;;;;;;;;;;
;;;;;;;;;;;
;;;;;;;;;;;
;;;;;;;;;;;
;;;;;;;;;;;
;;;;;;;;;;;
;;;;;;;;;;;
;;;;;;;;;;;
;;;;;;;;;;;
;;;;;;;;;;;
;;;;;;;;;;;
;;;;;;;;;;;
;;;;;;;;;;;
;;;;;;;;;;;
;;;;;;;;;;;
;;;;;;;;;;;
;;;;;;;;;;;
;;;;;;;;;;;
;;;;;;;;;;;
;;;;;;;;;;;
;;;;;;;;;;;
;;;;;;;;;;;
;;;;;;;;;;;
;;;;;;;;;;;
;;;;;;;;;;;
;;;;;;;;;;;
;;;;;;;;;;;
;;;;;;;;;;;
;;;;;;;;;;;
;;;;;;;;;;;
;;;;;;;;;;;
;;;;;;;;;;;
;;;;;;;;;;;
;;;;;;;;;;;
;;;;;;;;;;;
;;;;;;;;;;;
;;;;;;;;;;;
;;;;;;;;;;;
;;;;;;;;;;;
;;;;;;;;;;;
;;;;;;;;;;;
;;;;;;;;;;;
;;;;;;;;;;;
;;;;;;;;;;;
;;;;;;;;;;;
;;;;;;;;;;;
;;;;;;;;;;;
;;;;;;;;;;;
;;;;;;;;;;;
;;;;;;;;;;;
;;;;;;;;;;;
;;;;;;;;;;;
;;;;;;;;;;;
;;;;;;;;;;;
;;;;;;;;;;;
;;;;;;;;;;;
;;;;;;;;;;;
;;;;;;;;;;;
;;;;;;;;;;;
;;;;;;;;;;;
;;;;;;;;;;;
;;;;;;;;;;;
;;;;;;;;;;;
;;;;;;;;;;;
;;;;;;;;;;;
;;;;;;;;;;;
;;;;;;;;;;;
;;;;;;;;;;;
;;;;;;;;;;;
;;;;;;;;;;;
;;;;;;;;;;;
;;;;;;;;;;;
;;;;;;;;;;;
;;;;;;;;;;;
;;;;;;;;;;;
;;;;;;;;;;;
;;;;;;;;;;;
;;;;;;;;;;;
;;;;;;;;;;;
;;;;;;;;;;;
;;;;;;;;;;;
;;;;;;;;;;;
;;;;;;;;;;;
;;;;;;;;;;;
;;;;;;;;;;;
;;;;;;;;;;;
;;;;;;;;;;;
;;;;;;;;;;;
;;;;;;;;;;;
;;;;;;;;;;;
;;;;;;;;;;;
;;;;;;;;;;;
;;;;;;;;;;;
;;;;;;;;;;;
;;;;;;;;;;;
;;;;;;;;;;;
;;;;;;;;;;;
;;;;;;;;;;;
;;;;;;;;;;;
;;;;;;;;;;;
;;;;;;;;;;;
;;;;;;;;;;;
;;;;;;;;;;;
;;;;;;;;;;;
;;;;;;;;;;;
;;;;;;;;;;;
;;;;;;;;;;;
;;;;;;;;;;;
;;;;;;;;;;;
;;;;;;;;;;;
;;;;;;;;;;;
;;;;;;;;;;;
;;;;;;;;;;;
;;;;;;;;;;;
;;;;;;;;;;;
;;;;;;;;;;;
;;;;;;;;;;;
;;;;;;;;;;;
;;;;;;;;;;;
;;;;;;;;;;;
;;;;;;;;;;;
;;;;;;;;;;;
;;;;;;;;;;;
;;;;;;;;;;;
;;;;;;;;;;;
;;;;;;;;;;;
;;;;;;;;;;;
;;;;;;;;;;;
;;;;;;;;;;;
;;;;;;;;;;;
;;;;;;;;;;;
;;;;;;;;;;;
;;;;;;;;;;;
;;;;;;;;;;;
;;;;;;;;;;;
;;;;;;;;;;;
;;;;;;;;;;;
;;;;;;;;;;;
;;;;;;;;;;;
;;;;;;;;;;;
;;;;;;;;;;;
;;;;;;;;;;;
;;;;;;;;;;;
;;;;;;;;;;;
;;;;;;;;;;;
;;;;;;;;;;;
;;;;;;;;;;;
;;;;;;;;;;;
;;;;;;;;;;;
;;;;;;;;;;;
;;;;;;;;;;;
;;;;;;;;;;;
;;;;;;;;;;;
;;;;;;;;;;;
;;;;;;;;;;;
;;;;;;;;;;;
;;;;;;;;;;;
;;;;;;;;;;;
;;;;;;;;;;;
;;;;;;;;;;;
;;;;;;;;;;;
;;;;;;;;;;;
;;;;;;;;;;;
;;;;;;;;;;;
;;;;;;;;;;;
;;;;;;;;;;;
;;;;;;;;;;;
;;;;;;;;;;;
;;;;;;;;;;;
;;;;;;;;;;;
;;;;;;;;;;;
;;;;;;;;;;;
;;;;;;;;;;;
;;;;;;;;;;;
;;;;;;;;;;;
;;;;;;;;;;;
;;;;;;;;;;;
;;;;;;;;;;;
;;;;;;;;;;;
;;;;;;;;;;;
;;;;;;;;;;;
;;;;;;;;;;;
;;;;;;;;;;;
;;;;;;;;;;;
;;;;;;;;;;;
;;;;;;;;;;;
;;;;;;;;;;;
;;;;;;;;;;;
;;;;;;;;;;;
;;;;;;;;;;;
;;;;;;;;;;;
;;;;;;;;;;;
;;;;;;;;;;;
;;;;;;;;;;;
;;;;;;;;;;;
;;;;;;;;;;;
;;;;;;;;;;;
;;;;;;;;;;;
;;;;;;;;;;;
;;;;;;;;;;;
;;;;;;;;;;;
;;;;;;;;;;;
;;;;;;;;;;;
;;;;;;;;;;;
;;;;;;;;;;;
;;;;;;;;;;;
;;;;;;;;;;;
;;;;;;;;;;;
;;;;;;;;;;;
;;;;;;;;;;;
;;;;;;;;;;;
;;;;;;;;;;;
;;;;;;;;;;;
;;;;;;;;;;;
;;;;;;;;;;;
;;;;;;;;;;;
;;;;;;;;;;;
;;;;;;;;;;;
;;;;;;;;;;;
;;;;;;;;;;;
;;;;;;;;;;;
;;;;;;;;;;;
;;;;;;;;;;;
;;;;;;;;;;;
;;;;;;;;;;;
;;;;;;;;;;;
;;;;;;;;;;;
;;;;;;;;;;;
;;;;;;;;;;;
;;;;;;;;;;;
;;;;;;;;;;;
;;;;;;;;;;;
;;;;;;;;;;;
;;;;;;;;;;;
;;;;;;;;;;;
;;;;;;;;;;;
;;;;;;;;;;;
;;;;;;;;;;;
;;;;;;;;;;;
;;;;;;;;;;;
;;;;;;;;;;;
;;;;;;;;;;;
;;;;;;;;;;;
;;;;;;;;;;;
;;;;;;;;;;;
;;;;;;;;;;;
;;;;;;;;;;;
;;;;;;;;;;;
